t_s,command_name,command_index,input_forward,input_backward,input_left,input_right,input_up,input_down,joint_15,joint_16,joint_17,joint_18,joint_19,joint_20,joint_21,joint_22,joint_23,joint_24,joint_25,joint_26,joint_27,joint_28
40.504298,up,4,0.000000,0.000000,0.000000,0.000000,1.000000,0.000000,0.042604,0.078317,0.209784,1.488908,-0.102118,0.095982,0.226921,0.005273,-0.070180,-0.004650,1.551130,-0.128627,0.033592,-0.152415
40.554676,up,4,0.000000,0.000000,0.000000,0.000000,1.000000,0.000000,0.042580,0.078293,0.209784,1.488932,-0.102106,0.095994,0.226909,0.006831,-0.070635,-0.004626,1.532986,-0.128699,0.033388,-0.152427
40.604226,up,4,0.000000,0.000000,0.000000,0.000000,1.000000,0.000000,0.042604,0.078293,0.209784,1.488932,-0.102082,0.095982,0.226909,0.009480,-0.071318,-0.004518,1.521098,-0.128794,0.032981,-0.152391
40.655266,up,4,0.000000,0.000000,0.000000,0.000000,1.000000,0.000000,0.042568,0.078293,0.209796,1.488920,-0.102142,0.095982,0.226909,0.007562,-0.071881,-0.004518,1.521625,-0.128723,0.033064,-0.152427
40.704095,up,4,0.000000,0.000000,0.000000,0.000000,1.000000,0.000000,0.042616,0.078293,0.209808,1.488908,-0.102142,0.095982,0.226849,0.007562,-0.072301,-0.004542,1.521625,-0.128747,0.033076,-0.152427
40.754919,up,4,0.000000,0.000000,0.000000,0.000000,1.000000,0.000000,0.042592,0.078293,0.209784,1.488920,-0.102166,0.095982,0.226861,0.007562,-0.072792,-0.004542,1.521613,-0.128747,0.033088,-0.152427
40.804797,up,4,0.000000,0.000000,0.000000,0.000000,1.000000,0.000000,0.042568,0.078317,0.209784,1.488908,-0.102106,0.095982,0.226861,0.007167,-0.073200,-0.004542,1.521577,-0.128699,0.033064,-0.152427
40.854914,up,4,0.000000,0.000000,0.000000,0.000000,1.000000,0.000000,0.042592,0.078305,0.209796,1.488908,-0.102130,0.095970,0.226861,0.005345,-0.073979,-0.004542,1.521505,-0.128723,0.033076,-0.152427
40.905053,up,4,0.000000,0.000000,0.000000,0.000000,1.000000,0.000000,0.042544,0.078293,0.209772,1.488908,-0.102118,0.095982,0.226873,0.003535,-0.075381,-0.004530,1.521421,-0.128782,0.033076,-0.152427
40.954644,up,4,0.000000,0.000000,0.000000,0.000000,1.000000,0.000000,0.042568,0.078293,0.209784,1.488920,-0.102142,0.095982,0.226885,0.002277,-0.076963,-0.004518,1.521098,-0.128818,0.033100,-0.152427
41.005548,up,4,0.000000,0.000000,0.000000,0.000000,1.000000,0.000000,0.042580,0.078293,0.209772,1.488908,-0.102130,0.095970,0.226873,0.001786,-0.078125,-0.004518,1.520822,-0.128806,0.033088,-0.152427
41.054713,up,4,0.000000,0.000000,0.000000,0.000000,1.000000,0.000000,0.042592,0.078293,0.209784,1.488908,-0.102142,0.095982,0.226873,0.001726,-0.078916,-0.004530,1.520678,-0.128842,0.033088,-0.152427
41.104287,up,4,0.000000,0.000000,0.000000,0.000000,1.000000,0.000000,0.042592,0.078293,0.209772,1.488920,-0.102142,0.095982,0.226873,0.001882,-0.079479,-0.004518,1.520690,-0.128806,0.033088,-0.152439
41.154429,up,4,0.000000,0.000000,0.000000,0.000000,1.000000,0.000000,0.042592,0.078281,0.209784,1.488932,-0.102118,0.096006,0.226873,0.002097,-0.080139,-0.004518,1.520714,-0.128818,0.033088,-0.152439
41.204262,up,4,0.000000,0.000000,0.000000,0.000000,1.000000,0.000000,0.042568,0.078293,0.209796,1.488920,-0.102130,0.095994,0.226873,0.002001,-0.080546,-0.004542,1.520630,-0.128771,0.033088,-0.152427
41.255099,up,4,0.000000,0.000000,0.000000,0.000000,1.000000,0.000000,0.042616,0.078293,0.209796,1.488932,-0.102106,0.095982,0.226873,0.002049,-0.080738,-0.004542,1.518701,-0.128747,0.033076,-0.152427
41.304046,up,4,0.000000,0.000000,0.000000,0.000000,1.000000,0.000000,0.042556,0.078293,0.209808,1.488920,-0.102106,0.095994,0.226849,0.003056,-0.080738,-0.004542,1.510324,-0.128723,0.033172,-0.152427
41.355249,up,4,0.000000,0.000000,0.000000,0.000000,1.000000,0.000000,0.042580,0.078293,0.209796,1.488932,-0.102118,0.095994,0.226861,0.003679,-0.080690,-0.004518,1.492479,-0.128711,0.033796,-0.152403
41.404928,up,4,0.000000,0.000000,0.000000,0.000000,1.000000,0.000000,0.042604,0.078293,0.209784,1.488908,-0.102142,0.095982,0.226885,0.004926,-0.080642,-0.004374,1.478290,-0.128711,0.033232,-0.152320
41.454735,up,4,0.000000,0.000000,0.000000,0.000000,1.000000,0.000000,0.042568,0.078293,0.209796,1.488908,-0.102118,0.095994,0.226861,0.004914,-0.080642,-0.004362,1.472789,-0.128711,0.033340,-0.152296
41.504672,up,4,0.000000,0.000000,0.000000,0.000000,1.000000,0.000000,0.042568,0.078293,0.209796,1.488908,-0.102118,0.095982,0.226873,0.003164,-0.080618,-0.004362,1.472022,-0.128723,0.033376,-0.152308
41.554646,up,4,0.000000,0.000000,0.000000,0.000000,1.000000,0.000000,0.042604,0.078317,0.209796,1.488908,-0.102142,0.095994,0.226897,0.003104,-0.080618,-0.004362,1.467145,-0.128723,0.033616,-0.152320
41.604635,up,4,0.000000,0.000000,0.000000,0.000000,1.000000,0.000000,0.042568,0.078293,0.209796,1.488932,-0.102106,0.095994,0.226873,0.003979,-0.080618,-0.003128,1.463621,-0.128914,0.034083,-0.152296
41.654565,up,4,0.000000,0.000000,0.000000,0.000000,1.000000,0.000000,0.042592,0.078293,0.209772,1.488908,-0.102082,0.095994,0.226885,0.003859,-0.080618,-0.003140,1.463406,-0.128890,0.034071,-0.152284
41.704314,up,4,0.000000,0.000000,0.000000,0.000000,1.000000,0.000000,0.042580,0.078293,0.209772,1.488908,-0.102106,0.095994,0.226885,0.003751,-0.080678,-0.003164,1.463190,-0.128866,0.034059,-0.152296
41.754347,up,4,0.000000,0.000000,0.000000,0.000000,1.000000,0.000000,0.042604,0.078293,0.209784,1.488920,-0.102130,0.095970,0.226885,0.003607,-0.080702,-0.003164,1.462866,-0.128926,0.034071,-0.152296
41.804175,up,4,0.000000,0.000000,0.000000,0.000000,1.000000,0.000000,0.042556,0.078281,0.209784,1.488908,-0.102106,0.095958,0.226861,0.003595,-0.080702,-0.003164,1.462771,-0.128926,0.034059,-0.152296
41.855269,up,4,0.000000,0.000000,0.000000,0.000000,1.000000,0.000000,0.042556,0.078293,0.209796,1.488908,-0.102106,0.095982,0.226873,0.003631,-0.080690,-0.003164,1.462735,-0.128902,0.034083,-0.152296
41.904931,up,4,0.000000,0.000000,0.000000,0.000000,1.000000,0.000000,0.042592,0.078293,0.209784,1.488908,-0.102142,0.095994,0.226885,0.003679,-0.080678,-0.003164,1.462711,-0.128902,0.034071,-0.152272
41.954999,up,4,0.000000,0.000000,0.000000,0.000000,1.000000,0.000000,0.042604,0.078293,0.209784,1.488908,-0.102106,0.095982,0.226873,0.003679,-0.080678,-0.003176,1.462675,-0.128914,0.034083,-0.152296
42.004789,up,4,0.000000,0.000000,0.000000,0.000000,1.000000,0.000000,0.042568,0.078281,0.209796,1.488908,-0.102082,0.095958,0.226873,0.003679,-0.080678,-0.003164,1.462651,-0.128914,0.034047,-0.152296
42.054886,up,4,0.000000,0.000000,0.000000,0.000000,1.000000,0.000000,0.042592,0.078293,0.209772,1.488920,-0.102130,0.095970,0.226873,0.003679,-0.080678,-0.003176,1.462651,-0.128926,0.034071,-0.152308
42.104695,up,4,0.000000,0.000000,0.000000,0.000000,1.000000,0.000000,0.042592,0.078293,0.209796,1.488920,-0.102106,0.095946,0.226861,0.003679,-0.080690,-0.003188,1.462531,-0.128890,0.034071,-0.152308
42.155864,up,4,0.000000,0.000000,0.000000,0.000000,1.000000,0.000000,0.042592,0.078281,0.209784,1.488908,-0.102130,0.095970,0.226873,0.003691,-0.080678,-0.003200,1.462483,-0.128866,0.034071,-0.152272
42.204472,up,4,0.000000,0.000000,0.000000,0.000000,1.000000,0.000000,0.042592,0.078293,0.209760,1.488908,-0.102142,0.095982,0.226873,0.003715,-0.080654,-0.003212,1.462471,-0.128890,0.034071,-0.152296
42.254486,up,4,0.000000,0.000000,0.000000,0.000000,1.000000,0.000000,0.042604,0.078281,0.209760,1.488908,-0.102106,0.095982,0.226873,0.003715,-0.080702,-0.003212,1.462363,-0.128890,0.034071,-0.152296
42.304343,up,4,0.000000,0.000000,0.000000,0.000000,1.000000,0.000000,0.042604,0.078293,0.209784,1.488896,-0.102118,0.095982,0.226849,0.003763,-0.080690,-0.003200,1.462219,-0.128842,0.034047,-0.152296
42.354280,up,4,0.000000,0.000000,0.000000,0.000000,1.000000,0.000000,0.042628,0.078293,0.209796,1.488908,-0.102106,0.095982,0.226861,0.003883,-0.080678,-0.003224,1.461824,-0.128830,0.034071,-0.152296
42.405572,up,4,0.000000,0.000000,0.000000,0.000000,1.000000,0.000000,0.042592,0.078293,0.209772,1.488908,-0.102106,0.095994,0.226861,0.003943,-0.080690,-0.003272,1.461644,-0.128771,0.034071,-0.152284
42.454191,up,4,0.000000,0.000000,0.000000,0.000000,1.000000,0.000000,0.042592,0.078293,0.209784,1.488908,-0.102118,0.095982,0.226849,0.004003,-0.080702,-0.003308,1.461404,-0.128735,0.034071,-0.152296
42.504929,up,4,0.000000,0.000000,0.000000,0.000000,1.000000,0.000000,0.042592,0.078305,0.209784,1.488908,-0.102106,0.095982,0.226849,0.004063,-0.080690,-0.003320,1.461237,-0.128806,0.034047,-0.152296
42.553984,up,4,0.000000,0.000000,0.000000,0.000000,1.000000,0.000000,0.042592,0.078293,0.209784,1.488932,-0.102118,0.095994,0.226849,0.004051,-0.080702,-0.003320,1.461201,-0.128794,0.034071,-0.152284
42.604808,up,4,0.000000,0.000000,0.000000,0.000000,1.000000,0.000000,0.042604,0.078293,0.209772,1.488908,-0.102118,0.095982,0.226849,0.004075,-0.080678,-0.003320,1.461165,-0.128830,0.034047,-0.152296
42.654962,up,4,0.000000,0.000000,0.000000,0.000000,1.000000,0.000000,0.042592,0.078293,0.209772,1.488908,-0.102130,0.095982,0.226861,0.004099,-0.080690,-0.003320,1.461093,-0.128818,0.034071,-0.152272
42.704694,up,4,0.000000,0.000000,0.000000,0.000000,1.000000,0.000000,0.042604,0.078293,0.209784,1.488920,-0.102142,0.095994,0.226849,0.004182,-0.080690,-0.003320,1.460925,-0.128806,0.034047,-0.152296
42.754835,up,4,0.000000,0.000000,0.000000,0.000000,1.000000,0.000000,0.042592,0.078305,0.209796,1.488908,-0.102142,0.095982,0.226849,0.004254,-0.080690,-0.003320,1.460745,-0.128818,0.034083,-0.152296
42.805809,up,4,0.000000,0.000000,0.000000,0.000000,1.000000,0.000000,0.042592,0.078293,0.209784,1.488908,-0.102106,0.095970,0.226861,0.004278,-0.080690,-0.003320,1.460506,-0.128842,0.034071,-0.152284
42.854459,up,4,0.000000,0.000000,0.000000,0.000000,1.000000,0.000000,0.042592,0.078293,0.209796,1.488908,-0.102118,0.095982,0.226825,0.004398,-0.080894,-0.003320,1.459008,-0.128830,0.034059,-0.152296
42.904342,up,4,0.000000,0.000000,0.000000,0.000000,1.000000,0.000000,0.042616,0.078317,0.209796,1.488920,-0.102130,0.095982,0.226670,0.005201,-0.081732,-0.003296,1.448737,-0.128890,0.034670,-0.152296
42.955499,up,4,0.000000,0.000000,0.000000,0.000000,1.000000,0.000000,0.042616,0.078293,0.209772,1.488920,-0.102130,0.095982,0.226658,0.007634,-0.082955,-0.003392,1.444003,-0.128723,0.034167,-0.152308
43.004162,up,4,0.000000,0.000000,0.000000,0.000000,1.000000,0.000000,0.042604,0.078293,0.209784,1.488920,-0.102106,0.095994,0.226634,0.007179,-0.084549,-0.003392,1.443931,-0.128771,0.034155,-0.152260
43.054140,up,4,0.000000,0.000000,0.000000,0.000000,1.000000,0.000000,0.042592,0.078305,0.209784,1.488908,-0.102142,0.095982,0.226634,0.007179,-0.085292,-0.003344,1.443919,-0.128854,0.034287,-0.152284
43.104961,up,4,0.000000,0.000000,0.000000,0.000000,1.000000,0.000000,0.042616,0.078305,0.209784,1.488908,-0.102106,0.095982,0.226610,0.007143,-0.085747,-0.003511,1.443704,-0.128878,0.034167,-0.152308
43.155035,up,4,0.000000,0.000000,0.000000,0.000000,1.000000,0.000000,0.042568,0.078293,0.209784,1.488932,-0.102106,0.095982,0.226598,0.007155,-0.087005,-0.003559,1.443764,-0.128818,0.034203,-0.152308
43.204847,up,4,0.000000,0.000000,0.000000,0.000000,1.000000,0.000000,0.042592,0.078293,0.209772,1.488920,-0.102142,0.095982,0.226610,0.007143,-0.088252,-0.003571,1.443716,-0.128771,0.034191,-0.152296
43.255079,up,4,0.000000,0.000000,0.000000,0.000000,1.000000,0.000000,0.042592,0.078293,0.209796,1.488920,-0.102118,0.095982,0.226574,0.006735,-0.088899,-0.003583,1.443716,-0.128806,0.034179,-0.152331
43.304794,up,4,0.000000,0.000000,0.000000,0.000000,1.000000,0.000000,0.042592,0.078293,0.209784,1.488932,-0.102118,0.095982,0.226562,0.005860,-0.089570,-0.003583,1.443728,-0.128818,0.034203,-0.152308
43.354701,up,4,0.000000,0.000000,0.000000,0.000000,1.000000,0.000000,0.042592,0.078317,0.209784,1.488932,-0.102118,0.095982,0.226514,0.005093,-0.090265,-0.003583,1.443656,-0.128782,0.034203,-0.152343
43.405683,up,4,0.000000,0.000000,0.000000,0.000000,1.000000,0.000000,0.042604,0.078293,0.209784,1.488908,-0.102118,0.095970,0.226502,0.004470,-0.090888,-0.003607,1.443428,-0.128782,0.034191,-0.152343
43.454548,up,4,0.000000,0.000000,0.000000,0.000000,1.000000,0.000000,0.042580,0.078305,0.209784,1.488908,-0.102130,0.095982,0.226514,0.003308,-0.091464,-0.003583,1.443296,-0.128794,0.034203,-0.152320
43.504362,up,4,0.000000,0.000000,0.000000,0.000000,1.000000,0.000000,0.042616,0.078293,0.209772,1.488932,-0.102142,0.095982,0.226514,0.002660,-0.092003,-0.003595,1.442985,-0.128759,0.034167,-0.152343
43.555492,up,4,0.000000,0.000000,0.000000,0.000000,1.000000,0.000000,0.042580,0.078317,0.209784,1.488932,-0.102082,0.095982,0.226490,0.002469,-0.092686,-0.003607,1.441187,-0.128782,0.034155,-0.152343
43.605134,up,4,0.000000,0.000000,0.000000,0.000000,1.000000,0.000000,0.042592,0.078317,0.209784,1.488896,-0.102106,0.095970,0.226442,0.003547,-0.093645,-0.003583,1.433649,-0.128806,0.034299,-0.152355
43.655176,up,4,0.000000,0.000000,0.000000,0.000000,1.000000,0.000000,0.042592,0.078317,0.209772,1.488908,-0.102106,0.095970,0.226418,0.003859,-0.095430,-0.003559,1.423690,-0.128782,0.034335,-0.152331
43.704981,up,4,0.000000,0.000000,0.000000,0.000000,1.000000,0.000000,0.042616,0.078305,0.209784,1.488920,-0.102130,0.095958,0.226454,0.002972,-0.097719,-0.003511,1.418285,-0.128747,0.033927,-0.152308
43.754108,up,4,0.000000,0.000000,0.000000,0.000000,1.000000,0.000000,0.042592,0.078293,0.209784,1.488908,-0.102166,0.095946,0.226418,0.003427,-0.099337,-0.003404,1.406085,-0.128735,0.034143,-0.152296
43.805017,up,4,0.000000,0.000000,0.000000,0.000000,1.000000,0.000000,0.042604,0.078293,0.209772,1.488920,-0.102130,0.095970,0.226466,0.000983,-0.101231,-0.003020,1.405174,-0.128938,0.034682,-0.152224
43.854857,up,4,0.000000,0.000000,0.000000,0.000000,1.000000,0.000000,0.042592,0.078329,0.209796,1.488908,-0.102082,0.095910,0.226442,-0.002169,-0.102225,-0.002972,1.405174,-0.128878,0.034191,-0.152200
43.904768,up,4,0.000000,0.000000,0.000000,0.000000,1.000000,0.000000,0.042592,0.078293,0.209796,1.488908,-0.102118,0.095958,0.226466,-0.006579,-0.102717,-0.002996,1.405102,-0.128926,0.034167,-0.152212
43.954618,up,4,0.000000,0.000000,0.000000,0.000000,1.000000,0.000000,0.042628,0.078305,0.209760,1.488920,-0.102082,0.095982,0.226466,-0.009827,-0.103580,-0.002996,1.404995,-0.128878,0.034155,-0.152200
44.004896,up,4,0.000000,0.000000,0.000000,0.000000,1.000000,0.000000,0.042592,0.078317,0.209784,1.488908,-0.102106,0.095958,0.226442,-0.014657,-0.104754,-0.003056,1.405055,-0.128830,0.034155,-0.152200
44.054676,up,4,0.000000,0.000000,0.000000,0.000000,1.000000,0.000000,0.042604,0.078317,0.209772,1.488920,-0.102106,0.095982,0.226466,-0.017042,-0.106168,-0.003008,1.405210,-0.129010,0.034610,-0.152092
44.104356,up,4,0.000000,0.000000,0.000000,0.000000,1.000000,0.000000,0.042616,0.078317,0.209796,1.488908,-0.102106,0.095970,0.226466,-0.016886,-0.106791,-0.003008,1.405114,-0.129034,0.034539,-0.152044
44.154240,up,4,0.000000,0.000000,0.000000,0.000000,1.000000,0.000000,0.042616,0.078317,0.209760,1.488908,-0.102106,0.095982,0.226454,-0.016862,-0.106947,-0.003044,1.405102,-0.128986,0.034515,-0.152020
44.204259,up,4,0.000000,0.000000,0.000000,0.000000,1.000000,0.000000,0.042604,0.078317,0.209784,1.488908,-0.102106,0.095970,0.226478,-0.016826,-0.107007,-0.003032,1.405066,-0.128998,0.034407,-0.152020
44.255151,up,4,0.000000,0.000000,0.000000,0.000000,1.000000,0.000000,0.042604,0.078317,0.209748,1.488932,-0.102166,0.095982,0.226454,-0.016838,-0.107007,-0.003056,1.404995,-0.129034,0.034419,-0.152020
44.305067,up,4,0.000000,0.000000,0.000000,0.000000,1.000000,0.000000,0.042616,0.078293,0.209772,1.488908,-0.102118,0.095970,0.226454,-0.016850,-0.107043,-0.003068,1.405019,-0.128986,0.034407,-0.152020
44.354855,up,4,0.000000,0.000000,0.000000,0.000000,1.000000,0.000000,0.042568,0.078317,0.209772,1.488932,-0.102082,0.095970,0.226466,-0.016850,-0.107043,-0.003044,1.405007,-0.129022,0.034419,-0.152020
44.405143,up,4,0.000000,0.000000,0.000000,0.000000,1.000000,0.000000,0.042616,0.078293,0.209772,1.488908,-0.102118,0.095982,0.226454,-0.016850,-0.107043,-0.003056,1.405019,-0.129058,0.034407,-0.152032
44.454799,up,4,0.000000,0.000000,0.000000,0.000000,1.000000,0.000000,0.042616,0.078317,0.209772,1.488932,-0.102082,0.095970,0.226466,-0.016802,-0.107055,-0.003068,1.405019,-0.128986,0.034407,-0.152032
44.504646,up,4,0.000000,0.000000,0.000000,0.000000,1.000000,0.000000,0.042616,0.078317,0.209772,1.488908,-0.102118,0.095970,0.226466,-0.016766,-0.107055,-0.003056,1.404995,-0.128998,0.034419,-0.152020
44.554790,up,4,0.000000,0.000000,0.000000,0.000000,1.000000,0.000000,0.042616,0.078293,0.209772,1.488920,-0.102142,0.095982,0.226490,-0.016670,-0.107055,-0.003056,1.405019,-0.128986,0.034335,-0.152032
44.604525,up,4,0.000000,0.000000,0.000000,0.000000,1.000000,0.000000,0.042592,0.078317,0.209772,1.488920,-0.102106,0.095982,0.226466,-0.016670,-0.107031,-0.003080,1.405007,-0.128950,0.034227,-0.152020
44.654407,up,4,0.000000,0.000000,0.000000,0.000000,1.000000,0.000000,0.042616,0.078317,0.209760,1.488908,-0.102130,0.095958,0.226466,-0.016598,-0.107031,-0.003056,1.404983,-0.128962,0.034095,-0.151996
44.704398,up,4,0.000000,0.000000,0.000000,0.000000,1.000000,0.000000,0.042604,0.078317,0.209784,1.488908,-0.102118,0.095982,0.226478,-0.016514,-0.107031,-0.003068,1.404935,-0.128902,0.033796,-0.151792
44.755616,up,4,0.000000,0.000000,0.000000,0.000000,1.000000,0.000000,0.042616,0.078317,0.209760,1.488908,-0.102118,0.095970,0.226466,-0.016430,-0.107055,-0.003068,1.404899,-0.128878,0.033580,-0.149311
44.804286,up,4,0.000000,0.000000,0.000000,0.000000,1.000000,0.000000,0.042616,0.078293,0.209772,1.488908,-0.102118,0.095982,0.226502,-0.016442,-0.109692,-0.003056,1.404623,-0.129106,0.032921,-0.115492
44.855616,up,4,0.000000,0.000000,0.000000,0.000000,1.000000,0.000000,0.042592,0.078293,0.209772,1.488920,-0.102082,0.095970,0.226478,-0.016299,-0.112136,-0.003056,1.404587,-0.129082,0.032609,-0.080834
44.904040,up,4,0.000000,0.000000,0.000000,0.000000,1.000000,0.000000,0.042628,0.078293,0.209772,1.488908,-0.102118,0.095982,0.226490,-0.016430,-0.113778,-0.003092,1.404527,-0.129106,0.032609,-0.075656
44.955428,up,4,0.000000,0.000000,0.000000,0.000000,1.000000,0.000000,0.042604,0.078293,0.209784,1.488908,-0.102106,0.095970,0.226502,-0.016418,-0.114030,-0.003068,1.404515,-0.129070,0.032573,-0.075309
45.003832,up,4,0.000000,0.000000,0.000000,0.000000,1.000000,0.000000,0.042628,0.078317,0.209772,1.488920,-0.102142,0.095970,0.226502,-0.016418,-0.114198,-0.003080,1.404527,-0.129046,0.032549,-0.075261
45.054888,up,4,0.000000,0.000000,0.000000,0.000000,1.000000,0.000000,0.042616,0.078305,0.209772,1.488932,-0.102106,0.095970,0.226490,-0.016442,-0.114773,-0.003080,1.404515,-0.129034,0.032549,-0.074937
45.104657,up,4,0.000000,0.000000,0.000000,0.000000,1.000000,0.000000,0.042628,0.078317,0.209760,1.488932,-0.102130,0.095970,0.226454,-0.016454,-0.115408,-0.003056,1.404455,-0.129010,0.032513,-0.074638
45.154671,up,4,0.000000,0.000000,0.000000,0.000000,1.000000,0.000000,0.042616,0.078317,0.209772,1.488920,-0.102142,0.095934,0.226142,-0.016418,-0.116223,-0.003068,1.404443,-0.129022,0.032513,-0.074614
45.205815,up,4,0.000000,0.000000,0.000000,0.000000,1.000000,0.000000,0.042592,0.078317,0.209772,1.488908,-0.102118,0.095910,0.225831,-0.016430,-0.117889,-0.003056,1.404467,-0.129034,0.032477,-0.074566
45.254418,up,4,0.000000,0.000000,0.000000,0.000000,1.000000,0.000000,0.042592,0.078293,0.209772,1.488920,-0.102106,0.095922,0.225819,-0.016514,-0.120873,-0.003068,1.404264,-0.129046,0.032309,-0.074554
45.305462,up,4,0.000000,0.000000,0.000000,0.000000,1.000000,0.000000,0.042592,0.078293,0.209772,1.488932,-0.102118,0.095910,0.225819,-0.016502,-0.123905,-0.003080,1.404276,-0.129022,0.029829,-0.074266
45.354278,up,4,0.000000,0.000000,0.000000,0.000000,1.000000,0.000000,0.042580,0.078293,0.209760,1.488908,-0.102106,0.095898,0.225807,-0.015556,-0.125151,-0.003080,1.404947,-0.129214,0.010798,-0.074266
45.405266,up,4,0.000000,0.000000,0.000000,0.000000,1.000000,0.000000,0.042604,0.078317,0.209772,1.488908,-0.102130,0.095886,0.225807,-0.009575,-0.125691,-0.003068,1.404707,-0.129154,-0.012236,-0.074278
45.455071,up,4,0.000000,0.000000,0.000000,0.000000,1.000000,0.000000,0.042604,0.078293,0.209772,1.488932,-0.102130,0.095898,0.225867,-0.005093,-0.125966,-0.003068,1.405186,-0.129154,-0.029349,-0.074266
45.505334,up,4,0.000000,0.000000,0.000000,0.000000,1.000000,0.000000,0.042592,0.078293,0.209772,1.488908,-0.102118,0.095958,0.225891,-0.002828,-0.126014,-0.003056,1.405642,-0.129214,-0.046451,-0.074278
45.554970,up,4,0.000000,0.000000,0.000000,0.000000,1.000000,0.000000,0.042592,0.078293,0.209760,1.488908,-0.102142,0.095958,0.225975,0.006004,-0.126098,-0.003092,1.404419,-0.129094,-0.054948,-0.074146
45.605059,up,4,0.000000,0.000000,0.000000,0.000000,1.000000,0.000000,0.042616,0.078317,0.209760,1.488932,-0.102082,0.095958,0.226118,0.006951,-0.126110,-0.003080,1.405666,-0.129226,-0.074074,-0.074194
45.654771,up,4,0.000000,0.000000,0.000000,0.000000,1.000000,0.000000,0.042568,0.078293,0.209772,1.488932,-0.102130,0.095946,0.226226,0.009995,-0.126026,-0.003080,1.405654,-0.129106,-0.078688,-0.074122
45.704767,up,4,0.000000,0.000000,0.000000,0.000000,1.000000,0.000000,0.042592,0.078317,0.209772,1.488932,-0.102166,0.095958,0.226238,0.011205,-0.126026,-0.003092,1.405678,-0.129178,-0.091080,-0.074134
45.755836,up,4,0.000000,0.000000,0.000000,0.000000,1.000000,0.000000,0.042616,0.078317,0.209772,1.488932,-0.102082,0.095946,0.226250,0.012200,-0.126038,-0.003080,1.405714,-0.129178,-0.091332,-0.074158
45.804756,up,4,0.000000,0.000000,0.000000,0.000000,1.000000,0.000000,0.042592,0.078293,0.209760,1.488908,-0.102130,0.095934,0.226214,0.012284,-0.126086,-0.003056,1.405714,-0.129250,-0.091320,-0.074134
45.854529,up,4,0.000000,0.000000,0.000000,0.000000,1.000000,0.000000,0.042640,0.078293,0.209772,1.488908,-0.102130,0.095898,0.226118,0.012248,-0.126386,-0.003080,1.405714,-0.129250,-0.091320,-0.074110
45.905809,up,4,0.000000,0.000000,0.000000,0.000000,1.000000,0.000000,0.042616,0.078293,0.209772,1.488908,-0.102106,0.095886,0.225879,0.012284,-0.126877,-0.003056,1.405726,-0.129286,-0.091320,-0.074098
45.954407,up,4,0.000000,0.000000,0.000000,0.000000,1.000000,0.000000,0.042616,0.078305,0.209772,1.488908,-0.102130,0.095886,0.225831,0.012296,-0.128147,-0.003080,1.405738,-0.129262,-0.091320,-0.074039
46.005213,up,4,0.000000,0.000000,0.000000,0.000000,1.000000,0.000000,0.042592,0.078293,0.209772,1.488908,-0.102118,0.095874,0.225807,0.012224,-0.130976,-0.003080,1.405714,-0.129274,-0.091044,-0.074122
46.054255,up,4,0.000000,0.000000,0.000000,0.000000,1.000000,0.000000,0.042592,0.078293,0.209784,1.488884,-0.102142,0.095862,0.225795,0.012032,-0.135122,-0.003104,1.405210,-0.128926,-0.091308,-0.074770
46.105176,up,4,0.000000,0.000000,0.000000,0.000000,1.000000,0.000000,0.042604,0.078293,0.209748,1.488908,-0.102106,0.095898,0.225807,0.008820,-0.138813,-0.003152,1.404911,-0.128914,-0.094220,-0.074686
46.154966,up,4,0.000000,0.000000,0.000000,0.000000,1.000000,0.000000,0.042412,0.078317,0.209772,1.488908,-0.102106,0.095946,0.226214,-0.000623,-0.141905,-0.003152,1.404347,-0.128866,-0.099745,-0.074614
46.204926,up,4,0.000000,0.000000,0.000000,0.000000,1.000000,0.000000,0.042292,0.078317,0.209784,1.488848,-0.102142,0.095862,0.226286,-0.009324,-0.145764,-0.003368,1.404827,-0.128794,-0.115672,-0.074566
46.254827,up,4,0.000000,0.000000,0.000000,0.000000,1.000000,0.000000,0.042268,0.078317,0.209808,1.488800,-0.102106,0.095898,0.226310,-0.019199,-0.145764,-0.003404,1.404887,-0.128711,-0.129549,-0.074422
46.303937,up,4,0.000000,0.000000,0.000000,0.000000,1.000000,0.000000,0.042244,0.078317,0.209772,1.488788,-0.102142,0.095874,0.226298,-0.027024,-0.145776,-0.003404,1.404707,-0.128675,-0.139652,-0.074314
46.354673,up,4,0.000000,0.000000,0.000000,0.000000,1.000000,0.000000,0.042232,0.078317,0.209796,1.488800,-0.102106,0.095862,0.226298,-0.035761,-0.145788,-0.003523,1.405019,-0.128531,-0.141414,-0.074170
46.404515,up,4,0.000000,0.000000,0.000000,0.000000,1.000000,0.000000,0.042220,0.078317,0.209772,1.488800,-0.102106,0.095898,0.226310,-0.039560,-0.145788,-0.003679,1.404539,-0.128219,-0.141654,-0.074003
46.454532,up,4,0.000000,0.000000,0.000000,0.000000,1.000000,0.000000,0.042256,0.078305,0.209772,1.488800,-0.102142,0.095886,0.226310,-0.042184,-0.145776,-0.004135,1.404563,-0.127632,-0.141785,-0.073943
46.504386,up,4,0.000000,0.000000,0.000000,0.000000,1.000000,0.000000,0.042280,0.078317,0.209772,1.488812,-0.102130,0.095922,0.226322,-0.044102,-0.146471,-0.004518,1.404527,-0.127296,-0.141989,-0.073931
46.554309,up,4,0.000000,0.000000,0.000000,0.000000,1.000000,0.000000,0.042316,0.078365,0.209772,1.488824,-0.102118,0.095946,0.226298,-0.045312,-0.147130,-0.004758,1.404180,-0.127153,-0.142576,-0.073919
46.604292,up,4,0.000000,0.000000,0.000000,0.000000,1.000000,0.000000,0.042292,0.078317,0.209772,1.488824,-0.102130,0.095946,0.226298,-0.045888,-0.147394,-0.004830,1.404000,-0.127057,-0.145716,-0.073931
46.654212,up,4,0.000000,0.000000,0.000000,0.000000,1.000000,0.000000,0.042280,0.078341,0.209772,1.488836,-0.102118,0.095886,0.226298,-0.044378,-0.147106,-0.004806,1.404863,-0.127165,-0.175629,-0.073487
46.704039,up,4,0.000000,0.000000,0.000000,0.000000,1.000000,0.000000,0.042172,0.078341,0.209772,1.488824,-0.102166,0.095910,0.226322,-0.044306,-0.146555,-0.004518,1.404431,-0.127620,-0.214230,-0.059981
46.755070,up,4,0.000000,0.000000,0.000000,0.000000,1.000000,0.000000,0.042172,0.078341,0.209772,1.488824,-0.102118,0.095922,0.226322,-0.044306,-0.146411,-0.004518,1.404467,-0.127740,-0.250518,-0.033520
46.804002,up,4,0.000000,0.000000,0.000000,0.000000,1.000000,0.000000,0.042053,0.078317,0.209760,1.488824,-0.102106,0.095850,0.226310,-0.045504,-0.146387,-0.004518,1.404299,-0.128111,-0.276117,-0.025359
46.854948,up,4,0.000000,0.000000,0.000000,0.000000,1.000000,0.000000,0.042005,0.078341,0.209784,1.488812,-0.102201,0.095814,0.226238,-0.047014,-0.146387,-0.004518,1.404216,-0.128135,-0.289898,-0.023968
46.904675,up,4,0.000000,0.000000,0.000000,0.000000,1.000000,0.000000,0.042041,0.078317,0.209784,1.488800,-0.102154,0.095826,0.226178,-0.049950,-0.146387,-0.004518,1.404383,-0.128207,-0.290342,-0.023813
46.954850,up,4,0.000000,0.000000,0.000000,0.000000,1.000000,0.000000,0.042041,0.078317,0.209772,1.488800,-0.102166,0.095814,0.226154,-0.054408,-0.146387,-0.004518,1.404731,-0.128111,-0.290234,-0.023825
47.004555,up,4,0.000000,0.000000,0.000000,0.000000,1.000000,0.000000,0.042065,0.078341,0.209784,1.488812,-0.102142,0.095850,0.226178,-0.055882,-0.146387,-0.004518,1.404671,-0.128171,-0.290270,-0.023825
47.054547,up,4,0.000000,0.000000,0.000000,0.000000,1.000000,0.000000,0.042077,0.078317,0.209784,1.488800,-0.102189,0.095874,0.226166,-0.056901,-0.146387,-0.004518,1.404563,-0.128015,-0.290450,-0.023813
47.104559,up,4,0.000000,0.000000,0.000000,0.000000,1.000000,0.000000,0.042101,0.078341,0.209772,1.488824,-0.102142,0.095874,0.226178,-0.058052,-0.146411,-0.004590,1.404539,-0.127788,-0.290594,-0.023801
47.154362,up,4,0.000000,0.000000,0.000000,0.000000,1.000000,0.000000,0.042113,0.078341,0.209772,1.488812,-0.102130,0.095886,0.226166,-0.058819,-0.146567,-0.004650,1.404455,-0.127608,-0.291145,-0.023801
47.204177,up,4,0.000000,0.000000,0.000000,0.000000,1.000000,0.000000,0.042149,0.078317,0.209784,1.488800,-0.102142,0.095886,0.226178,-0.058902,-0.146507,-0.004650,1.404371,-0.127608,-0.294524,-0.023789
47.255251,up,4,0.000000,0.000000,0.000000,0.000000,1.000000,0.000000,0.042125,0.078329,0.209760,1.488800,-0.102142,0.095898,0.226178,-0.059550,-0.146423,-0.004650,1.404371,-0.127584,-0.297329,-0.023801
47.305059,up,4,0.000000,0.000000,0.000000,0.000000,1.000000,0.000000,0.042089,0.078341,0.209772,1.488812,-0.102142,0.095862,0.226178,-0.058890,-0.146411,-0.004650,1.404623,-0.127608,-0.312824,-0.023465
47.355150,up,4,0.000000,0.000000,0.000000,0.000000,1.000000,0.000000,0.042125,0.078317,0.209772,1.488824,-0.102142,0.095922,0.226166,-0.059478,-0.146387,-0.004626,1.404431,-0.127608,-0.324017,-0.023142
47.404816,up,4,0.000000,0.000000,0.000000,0.000000,1.000000,0.000000,0.042113,0.078341,0.209772,1.488824,-0.102142,0.095910,0.226154,-0.059921,-0.146387,-0.004626,1.404419,-0.127644,-0.333725,-0.023094
47.454861,up,4,0.000000,0.000000,0.000000,0.000000,1.000000,0.000000,0.042137,0.078341,0.209772,1.488836,-0.102142,0.095898,0.226166,-0.061970,-0.146387,-0.004638,1.404479,-0.127608,-0.337284,-0.023082
47.504705,up,4,0.000000,0.000000,0.000000,0.000000,1.000000,0.000000,0.042125,0.078329,0.209772,1.488836,-0.102130,0.095922,0.226178,-0.063912,-0.146387,-0.004626,1.404383,-0.127596,-0.337284,-0.023082
47.554749,up,4,0.000000,0.000000,0.000000,0.000000,1.000000,0.000000,0.042125,0.078317,0.209748,1.488824,-0.102118,0.095922,0.226154,-0.064511,-0.146387,-0.004650,1.404335,-0.127524,-0.337332,-0.023082
47.604552,up,4,0.000000,0.000000,0.000000,0.000000,1.000000,0.000000,0.042149,0.078341,0.209784,1.488824,-0.102142,0.095898,0.226166,-0.064907,-0.146387,-0.004650,1.404288,-0.127476,-0.337464,-0.023082
47.655602,up,4,0.000000,0.000000,0.000000,0.000000,1.000000,0.000000,0.042149,0.078317,0.209772,1.488824,-0.102118,0.095886,0.226166,-0.064966,-0.146411,-0.004650,1.404299,-0.127452,-0.337560,-0.023082
47.704580,up,4,0.000000,0.000000,0.000000,0.000000,1.000000,0.000000,0.042172,0.078329,0.209760,1.488848,-0.102142,0.095886,0.226154,-0.064943,-0.146411,-0.004674,1.404216,-0.127380,-0.337919,-0.023094
47.754362,up,4,0.000000,0.000000,0.000000,0.000000,1.000000,0.000000,0.042149,0.078305,0.209772,1.488824,-0.102142,0.095874,0.226154,-0.065266,-0.146411,-0.004710,1.403988,-0.127284,-0.338243,-0.023094
47.804166,up,4,0.000000,0.000000,0.000000,0.000000,1.000000,0.000000,0.042172,0.078353,0.209760,1.488824,-0.102142,0.095898,0.226154,-0.065913,-0.146435,-0.004758,1.403880,-0.127237,-0.338303,-0.023082
47.855079,up,4,0.000000,0.000000,0.000000,0.000000,1.000000,0.000000,0.042172,0.078329,0.209760,1.488824,-0.102118,0.095898,0.226142,-0.066512,-0.146411,-0.004758,1.403556,-0.127189,-0.338339,-0.023094
47.904906,up,4,0.000000,0.000000,0.000000,0.000000,1.000000,0.000000,0.042208,0.078353,0.209772,1.488836,-0.102142,0.095886,0.226130,-0.066608,-0.146387,-0.004782,1.401531,-0.127177,-0.338470,-0.023094
47.954948,up,4,0.000000,0.000000,0.000000,0.000000,1.000000,0.000000,0.042149,0.078341,0.209772,1.488824,-0.102118,0.095874,0.226118,-0.064104,-0.146387,-0.004758,1.389883,-0.127153,-0.338363,-0.023094
48.004903,up,4,0.000000,0.000000,0.000000,0.000000,1.000000,0.000000,0.042184,0.078341,0.209772,1.488848,-0.102106,0.095922,0.226082,-0.063325,-0.146375,-0.004698,1.373716,-0.127153,-0.342162,-0.022962
48.054866,up,4,0.000000,0.000000,0.000000,0.000000,1.000000,0.000000,0.042172,0.078341,0.209748,1.488836,-0.102142,0.095874,0.226106,-0.063097,-0.145273,-0.004566,1.365710,-0.127260,-0.359814,-0.022255
48.104852,up,4,0.000000,0.000000,0.000000,0.000000,1.000000,0.000000,0.042125,0.078341,0.209772,1.488848,-0.102106,0.095850,0.226094,-0.063265,-0.144757,-0.004578,1.365638,-0.127260,-0.359059,-0.021224
48.154578,up,4,0.000000,0.000000,0.000000,0.000000,1.000000,0.000000,0.042113,0.078341,0.209772,1.488824,-0.102142,0.095874,0.226094,-0.064799,-0.144937,-0.004638,1.365183,-0.127141,-0.359035,-0.021212
48.204586,up,4,0.000000,0.000000,0.000000,0.000000,1.000000,0.000000,0.042113,0.078329,0.209772,1.488824,-0.102130,0.095862,0.226082,-0.066237,-0.145249,-0.004674,1.365183,-0.127129,-0.359023,-0.021224
48.255613,up,4,0.000000,0.000000,0.000000,0.000000,1.000000,0.000000,0.042125,0.078329,0.209760,1.488836,-0.102130,0.095874,0.226058,-0.067088,-0.145321,-0.004698,1.364991,-0.127141,-0.359071,-0.021236
48.304333,up,4,0.000000,0.000000,0.000000,0.000000,1.000000,0.000000,0.042137,0.078317,0.209760,1.488824,-0.102142,0.095874,0.226058,-0.067112,-0.145369,-0.004698,1.364883,-0.127141,-0.359071,-0.021224
48.354347,up,4,0.000000,0.000000,0.000000,0.000000,1.000000,0.000000,0.042137,0.078329,0.209760,1.488848,-0.102130,0.095886,0.226058,-0.067052,-0.145369,-0.004722,1.364895,-0.127153,-0.359083,-0.021212
48.404327,up,4,0.000000,0.000000,0.000000,0.000000,1.000000,0.000000,0.042137,0.078341,0.209760,1.488824,-0.102130,0.095898,0.226046,-0.067255,-0.145345,-0.004722,1.364847,-0.127177,-0.359071,-0.021224
48.454066,up,4,0.000000,0.000000,0.000000,0.000000,1.000000,0.000000,0.042113,0.078317,0.209772,1.488848,-0.102118,0.095874,0.226046,-0.067627,-0.145333,-0.004698,1.364812,-0.127165,-0.359083,-0.021224
48.504075,up,4,0.000000,0.000000,0.000000,0.000000,1.000000,0.000000,0.042125,0.078353,0.209772,1.488824,-0.102130,0.095874,0.226011,-0.068514,-0.145285,-0.004698,1.364776,-0.127153,-0.359071,-0.021224
48.554061,up,4,0.000000,0.000000,0.000000,0.000000,1.000000,0.000000,0.042149,0.078341,0.209748,1.488836,-0.102142,0.095874,0.226034,-0.070623,-0.145285,-0.004722,1.364836,-0.127165,-0.359083,-0.021224
48.604851,up,4,0.000000,0.000000,0.000000,0.000000,1.000000,0.000000,0.042149,0.078317,0.209760,1.488848,-0.102166,0.095874,0.225987,-0.076040,-0.145225,-0.004722,1.365003,-0.127165,-0.359059,-0.021224
48.655045,up,4,0.000000,0.000000,0.000000,0.000000,1.000000,0.000000,0.042137,0.078341,0.209760,1.488824,-0.102142,0.095874,0.226022,-0.078976,-0.145189,-0.004722,1.365003,-0.127129,-0.359083,-0.021188
48.706064,up,4,0.000000,0.000000,0.000000,0.000000,1.000000,0.000000,0.042149,0.078329,0.209772,1.488836,-0.102082,0.095886,0.226022,-0.084297,-0.145189,-0.004722,1.364907,-0.127129,-0.359083,-0.021080
48.755897,up,4,0.000000,0.000000,0.000000,0.000000,1.000000,0.000000,0.042101,0.078329,0.209772,1.488824,-0.102118,0.095850,0.226022,-0.087161,-0.145189,-0.004758,1.363110,-0.127081,-0.359167,-0.020960
48.805655,up,4,0.000000,0.000000,0.000000,0.000000,1.000000,0.000000,0.042125,0.078341,0.209784,1.488824,-0.102130,0.095850,0.226022,-0.089774,-0.145213,-0.004782,1.362463,-0.127057,-0.359215,-0.020924
48.854631,up,4,0.000000,0.000000,0.000000,0.000000,1.000000,0.000000,0.042149,0.078341,0.209772,1.488824,-0.102118,0.095850,0.225999,-0.093189,-0.145189,-0.004794,1.362798,-0.127045,-0.359215,-0.020924
48.904442,up,4,0.000000,0.000000,0.000000,0.000000,1.000000,0.000000,0.042137,0.078317,0.209772,1.488836,-0.102142,0.095874,0.225987,-0.095742,-0.145141,-0.004782,1.362834,-0.127021,-0.359227,-0.020912
48.954362,up,4,0.000000,0.000000,0.000000,0.000000,1.000000,0.000000,0.042149,0.078341,0.209772,1.488848,-0.102142,0.095862,0.225987,-0.102633,-0.145105,-0.004806,1.362846,-0.126961,-0.359263,-0.020924
49.005183,up,4,0.000000,0.000000,0.000000,0.000000,1.000000,0.000000,0.042149,0.078317,0.209772,1.488848,-0.102142,0.095838,0.225975,-0.103088,-0.145081,-0.004806,1.363014,-0.126925,-0.359251,-0.020912
49.054201,up,4,0.000000,0.000000,0.000000,0.000000,1.000000,0.000000,0.042161,0.078341,0.209772,1.488848,-0.102142,0.095874,0.225975,-0.103100,-0.145057,-0.004794,1.362990,-0.126829,-0.359263,-0.020900
49.105142,up,4,0.000000,0.000000,0.000000,0.000000,1.000000,0.000000,0.042149,0.078317,0.209760,1.488824,-0.102106,0.095838,0.225975,-0.104850,-0.145069,-0.004842,1.362846,-0.126781,-0.359299,-0.020877
49.155103,up,4,0.000000,0.000000,0.000000,0.000000,1.000000,0.000000,0.042137,0.078317,0.209772,1.488848,-0.102142,0.095862,0.225975,-0.105833,-0.145057,-0.004878,1.362654,-0.126649,-0.359431,-0.020865
49.205056,up,4,0.000000,0.000000,0.000000,0.000000,1.000000,0.000000,0.042113,0.078329,0.209760,1.488824,-0.102106,0.095874,0.225987,-0.106120,-0.145009,-0.004878,1.362618,-0.126613,-0.359431,-0.020853
49.254707,up,4,0.000000,0.000000,0.000000,0.000000,1.000000,0.000000,0.042137,0.078329,0.209772,1.488848,-0.102142,0.095874,0.225975,-0.106120,-0.145033,-0.004902,1.362618,-0.126577,-0.359443,-0.020865
49.305733,up,4,0.000000,0.000000,0.000000,0.000000,1.000000,0.000000,0.042137,0.078341,0.209772,1.488824,-0.102130,0.095874,0.225975,-0.106132,-0.145057,-0.004902,1.362535,-0.126565,-0.359479,-0.020853
49.354641,up,4,0.000000,0.000000,0.000000,0.000000,1.000000,0.000000,0.042149,0.078341,0.209784,1.488848,-0.102118,0.095874,0.225987,-0.106204,-0.145117,-0.004938,1.362367,-0.126541,-0.359587,-0.020865
49.404562,up,4,0.000000,0.000000,0.000000,0.000000,1.000000,0.000000,0.042172,0.078329,0.209772,1.488848,-0.102142,0.095862,0.225963,-0.106468,-0.145117,-0.004973,1.361240,-0.126505,-0.359886,-0.020829
49.454531,up,4,0.000000,0.000000,0.000000,0.000000,1.000000,0.000000,0.042137,0.078317,0.209748,1.488824,-0.102142,0.095850,0.225951,-0.106204,-0.145117,-0.004985,1.356483,-0.126458,-0.359934,-0.020541
49.504412,up,4,0.000000,0.000000,0.000000,0.000000,1.000000,0.000000,0.042184,0.078341,0.209760,1.488824,-0.102130,0.095790,0.225891,-0.104586,-0.145093,-0.004997,1.342785,-0.126182,-0.360438,-0.012883
49.555495,up,4,0.000000,0.000000,0.000000,0.000000,1.000000,0.000000,0.042196,0.078317,0.209760,1.488848,-0.102118,0.095838,0.225867,-0.104574,-0.145093,-0.005141,1.328535,-0.125403,-0.360533,0.015172
49.604690,up,4,0.000000,0.000000,0.000000,0.000000,1.000000,0.000000,0.042041,0.078317,0.209736,1.488872,-0.102142,0.095934,0.225855,-0.105473,-0.145117,-0.004902,1.326126,-0.125595,-0.376329,0.026605
49.655164,up,4,0.000000,0.000000,0.000000,0.000000,1.000000,0.000000,0.042005,0.078317,0.209772,1.488776,-0.102142,0.095646,0.225831,-0.105449,-0.144889,-0.004806,1.325683,-0.125786,-0.401747,0.026641
49.704200,up,4,0.000000,0.000000,0.000000,0.000000,1.000000,0.000000,0.041993,0.078341,0.209784,1.488788,-0.102106,0.095706,0.225819,-0.107139,-0.144626,-0.004818,1.325527,-0.125786,-0.405235,0.027588
49.755598,up,4,0.000000,0.000000,0.000000,0.000000,1.000000,0.000000,0.042053,0.078341,0.209772,1.488788,-0.102118,0.095718,0.225807,-0.107451,-0.145189,-0.004926,1.325431,-0.125954,-0.405283,0.034646
49.804845,up,4,0.000000,0.000000,0.000000,0.000000,1.000000,0.000000,0.042089,0.078341,0.209772,1.488788,-0.102166,0.095718,0.225807,-0.107295,-0.145309,-0.005045,1.325443,-0.125762,-0.405283,0.034191
49.854752,up,4,0.000000,0.000000,0.000000,0.000000,1.000000,0.000000,0.042041,0.078341,0.209772,1.488776,-0.102106,0.095730,0.225807,-0.107235,-0.145345,-0.005105,1.325431,-0.125619,-0.405283,0.034155
49.905190,up,4,0.000000,0.000000,0.000000,0.000000,1.000000,0.000000,0.042041,0.078317,0.209784,1.488800,-0.102118,0.095730,0.225807,-0.107175,-0.145345,-0.005393,1.325407,-0.125415,-0.405330,0.034143
49.954698,up,4,0.000000,0.000000,0.000000,0.000000,1.000000,0.000000,0.042041,0.078341,0.209760,1.488776,-0.102106,0.095718,0.225795,-0.107259,-0.145369,-0.012727,1.325336,-0.125091,-0.405858,0.033915
50.004791,up,4,0.000000,0.000000,0.000000,0.000000,1.000000,0.000000,0.042005,0.078341,0.209748,1.488800,-0.102106,0.095730,0.225795,-0.107307,-0.145357,-0.012643,1.325671,-0.124768,-0.412725,0.033939
50.054628,up,4,0.000000,0.000000,0.000000,0.000000,1.000000,0.000000,0.042017,0.078341,0.209760,1.488800,-0.102106,0.095766,0.225783,-0.106636,-0.145369,-0.012619,1.326019,-0.124804,-0.437125,0.034299
50.104411,up,4,0.000000,0.000000,0.000000,0.000000,1.000000,0.000000,0.041993,0.078341,0.209760,1.488812,-0.102118,0.095778,0.225783,-0.107007,-0.145381,-0.012524,1.325383,-0.124876,-0.455676,0.034539
50.155400,up,4,0.000000,0.000000,0.000000,0.000000,1.000000,0.000000,0.041945,0.078341,0.209760,1.488800,-0.102142,0.095730,0.225783,-0.107367,-0.145393,-0.012464,1.325000,-0.124924,-0.471807,0.034598
50.204333,up,4,0.000000,0.000000,0.000000,0.000000,1.000000,0.000000,0.041885,0.078341,0.209772,1.488776,-0.102130,0.095670,0.225783,-0.108086,-0.145393,-0.012464,1.325168,-0.124936,-0.483312,0.034610
50.255130,up,4,0.000000,0.000000,0.000000,0.000000,1.000000,0.000000,0.041957,0.078341,0.209760,1.488800,-0.102142,0.095730,0.225783,-0.110878,-0.145393,-0.012464,1.325455,-0.124924,-0.485936,0.034598
50.305033,up,4,0.000000,0.000000,0.000000,0.000000,1.000000,0.000000,0.041957,0.078317,0.209760,1.488788,-0.102130,0.095718,0.225771,-0.114737,-0.145393,-0.012476,1.325539,-0.124876,-0.485948,0.034539
50.355012,up,4,0.000000,0.000000,0.000000,0.000000,1.000000,0.000000,0.041969,0.078341,0.209772,1.488800,-0.102118,0.095730,0.225771,-0.124756,-0.145405,-0.012512,1.325599,-0.124816,-0.486008,0.034539
50.403859,up,4,0.000000,0.000000,0.000000,0.000000,1.000000,0.000000,0.041945,0.078341,0.209760,1.488812,-0.102130,0.095742,0.225771,-0.124336,-0.145393,-0.012524,1.325527,-0.124792,-0.486212,0.034371
50.454763,up,4,0.000000,0.000000,0.000000,0.000000,1.000000,0.000000,0.041885,0.078365,0.209760,1.488788,-0.102106,0.095706,0.225771,-0.127680,-0.145405,-0.012500,1.325276,-0.124852,-0.490526,0.034035
50.504782,up,4,0.000000,0.000000,0.000000,0.000000,1.000000,0.000000,0.041909,0.078341,0.209760,1.488776,-0.102106,0.095694,0.225771,-0.131215,-0.145417,-0.012512,1.325216,-0.124840,-0.492923,0.034059
50.554622,up,4,0.000000,0.000000,0.000000,0.000000,1.000000,0.000000,0.041897,0.078329,0.209736,1.488788,-0.102130,0.095706,0.225771,-0.135314,-0.145405,-0.012512,1.325443,-0.124852,-0.494301,0.034155
50.604666,up,4,0.000000,0.000000,0.000000,0.000000,1.000000,0.000000,0.041909,0.078353,0.209760,1.488776,-0.102130,0.095670,0.225771,-0.143739,-0.145405,-0.012488,1.326702,-0.124900,-0.501624,0.034311
50.655567,up,4,0.000000,0.000000,0.000000,0.000000,1.000000,0.000000,0.041849,0.078341,0.209760,1.488788,-0.102106,0.095682,0.225759,-0.144206,-0.145417,-0.012476,1.326174,-0.124900,-0.508383,0.034347
50.704518,up,4,0.000000,0.000000,0.000000,0.000000,1.000000,0.000000,0.041861,0.078353,0.209760,1.488776,-0.102142,0.095682,0.225771,-0.144374,-0.145357,-0.012488,1.326186,-0.124876,-0.508658,0.034335
50.755347,up,4,0.000000,0.000000,0.000000,0.000000,1.000000,0.000000,0.041825,0.078341,0.209736,1.488776,-0.102118,0.095670,0.225759,-0.146279,-0.145333,-0.012500,1.325995,-0.124852,-0.511367,0.034347
50.805171,up,4,0.000000,0.000000,0.000000,0.000000,1.000000,0.000000,0.041837,0.078365,0.209772,1.488788,-0.102130,0.095670,0.225747,-0.147382,-0.145357,-0.012512,1.325395,-0.124828,-0.512002,0.034335
50.855284,up,4,0.000000,0.000000,0.000000,0.000000,1.000000,0.000000,0.041849,0.078401,0.209748,1.488788,-0.102082,0.095670,0.225759,-0.149000,-0.145357,-0.012512,1.325407,-0.124804,-0.512014,0.034323
50.905952,up,4,0.000000,0.000000,0.000000,0.000000,1.000000,0.000000,0.041837,0.078401,0.209760,1.488788,-0.102130,0.095682,0.225759,-0.150474,-0.145333,-0.012524,1.325383,-0.124780,-0.512374,0.034323
50.954983,up,4,0.000000,0.000000,0.000000,0.000000,1.000000,0.000000,0.041873,0.078425,0.209760,1.488788,-0.102118,0.095694,0.225747,-0.151972,-0.145333,-0.012547,1.325347,-0.124744,-0.512517,0.034311
51.005580,up,4,0.000000,0.000000,0.000000,0.000000,1.000000,0.000000,0.041873,0.078425,0.209760,1.488788,-0.102142,0.095706,0.225747,-0.154117,-0.145333,-0.012559,1.325359,-0.124684,-0.512637,0.034311
51.054989,up,4,0.000000,0.000000,0.000000,0.000000,1.000000,0.000000,0.041837,0.078413,0.209772,1.488776,-0.102166,0.095694,0.225771,-0.156394,-0.145321,-0.012559,1.325336,-0.124636,-0.512865,0.034323
51.104926,up,4,0.000000,0.000000,0.000000,0.000000,1.000000,0.000000,0.041897,0.078401,0.209772,1.488800,-0.102118,0.095694,0.225759,-0.164723,-0.145297,-0.012583,1.325491,-0.124576,-0.512889,0.034299
51.154661,up,4,0.000000,0.000000,0.000000,0.000000,1.000000,0.000000,0.041933,0.078425,0.209736,1.488800,-0.102106,0.095706,0.225747,-0.164831,-0.145261,-0.012583,1.325419,-0.124372,-0.512985,0.034311
51.205230,up,4,0.000000,0.000000,0.000000,0.000000,1.000000,0.000000,0.041885,0.078425,0.209748,1.488800,-0.102130,0.095706,0.225723,-0.168115,-0.145273,-0.012631,1.325252,-0.124181,-0.513920,0.034287
51.255832,up,4,0.000000,0.000000,0.000000,0.000000,1.000000,0.000000,0.041873,0.078425,0.209772,1.488788,-0.102142,0.095682,0.225759,-0.171243,-0.145261,-0.012631,1.325288,-0.124109,-0.514219,0.034299
51.304936,up,4,0.000000,0.000000,0.000000,0.000000,1.000000,0.000000,0.041885,0.078425,0.209760,1.488800,-0.102142,0.095718,0.225759,-0.173280,-0.145261,-0.012607,1.325156,-0.124025,-0.514699,0.034287
51.354318,up,4,0.000000,0.000000,0.000000,0.000000,1.000000,0.000000,0.041897,0.078473,0.209760,1.488800,-0.102142,0.095694,0.225759,-0.173807,-0.145321,-0.012619,1.325096,-0.123953,-0.517515,0.034287
51.404058,up,4,0.000000,0.000000,0.000000,0.000000,1.000000,0.000000,0.041873,0.078509,0.209760,1.488800,-0.102106,0.095718,0.225759,-0.173148,-0.145333,-0.012631,1.325383,-0.124013,-0.532735,0.034383
51.454370,up,4,0.000000,0.000000,0.000000,0.000000,1.000000,0.000000,0.041837,0.078485,0.209760,1.488788,-0.102106,0.095646,0.225747,-0.172513,-0.145105,-0.012476,1.325443,-0.124169,-0.554438,0.034826
51.504300,up,4,0.000000,0.000000,0.000000,0.000000,1.000000,0.000000,0.041849,0.078557,0.209760,1.488776,-0.102130,0.095694,0.225735,-0.173747,-0.144805,-0.012416,1.324425,-0.124169,-0.558057,0.035126
51.554899,up,4,0.000000,0.000000,0.000000,0.000000,1.000000,0.000000,0.041825,0.078593,0.209772,1.488788,-0.102130,0.095670,0.225747,-0.175773,-0.145009,-0.012500,1.324556,-0.124109,-0.558069,0.035102
51.604950,up,4,0.000000,0.000000,0.000000,0.000000,1.000000,0.000000,0.041825,0.078760,0.209772,1.488776,-0.102142,0.095682,0.225735,-0.179907,-0.145129,-0.012524,1.324736,-0.124073,-0.558069,0.035078
51.654791,up,4,0.000000,0.000000,0.000000,0.000000,1.000000,0.000000,0.041837,0.079168,0.209772,1.488776,-0.102106,0.095682,0.225735,-0.184953,-0.145153,-0.012535,1.324940,-0.124013,-0.558057,0.035054
51.704620,up,4,0.000000,0.000000,0.000000,0.000000,1.000000,0.000000,0.041837,0.079407,0.209772,1.488788,-0.102106,0.095682,0.225747,-0.185636,-0.145213,-0.012559,1.324904,-0.124037,-0.558069,0.034898
51.755735,up,4,0.000000,0.000000,0.000000,0.000000,1.000000,0.000000,0.041801,0.079491,0.209772,1.488776,-0.102130,0.095658,0.225759,-0.189111,-0.145297,-0.012547,1.324844,-0.124025,-0.558045,0.034814
51.803711,up,4,0.000000,0.000000,0.000000,0.000000,1.000000,0.000000,0.041717,0.079539,0.209772,1.488764,-0.102118,0.095646,0.225723,-0.192718,-0.145309,-0.012571,1.324796,-0.124001,-0.558057,0.034826
51.855634,up,4,0.000000,0.000000,0.000000,0.000000,1.000000,0.000000,0.041681,0.079587,0.209760,1.488740,-0.102106,0.095646,0.225759,-0.195187,-0.145333,-0.012583,1.324521,-0.123953,-0.558081,0.034754
51.904611,up,4,0.000000,0.000000,0.000000,0.000000,1.000000,0.000000,0.041705,0.079695,0.209772,1.488764,-0.102118,0.095646,0.225735,-0.197800,-0.145333,-0.012607,1.324784,-0.123917,-0.558069,0.034682
51.954458,up,4,0.000000,0.000000,0.000000,0.000000,1.000000,0.000000,0.041681,0.079695,0.209772,1.488740,-0.102118,0.095646,0.225735,-0.200748,-0.145357,-0.012571,1.324820,-0.123965,-0.558069,0.034275
52.004338,up,4,0.000000,0.000000,0.000000,0.000000,1.000000,0.000000,0.041585,0.079695,0.209772,1.488764,-0.102118,0.095634,0.225723,-0.201539,-0.145345,-0.012524,1.324976,-0.124121,-0.558057,0.033676
52.054279,up,4,0.000000,0.000000,0.000000,0.000000,1.000000,0.000000,0.041417,0.079695,0.209760,1.488692,-0.102118,0.095634,0.225747,-0.201539,-0.145345,-0.012356,1.325827,-0.124612,-0.557818,0.033772
52.104044,up,4,0.000000,0.000000,0.000000,0.000000,1.000000,0.000000,0.041322,0.079959,0.209772,1.488633,-0.102130,0.095622,0.225735,-0.201575,-0.145357,-0.012344,1.326031,-0.124780,-0.555960,0.033736
52.154905,up,4,0.000000,0.000000,0.000000,0.000000,1.000000,0.000000,0.041106,0.080630,0.209772,1.488657,-0.102142,0.095598,0.225735,-0.201623,-0.145369,-0.012212,1.326893,-0.125259,-0.553551,0.033664
52.204998,up,4,0.000000,0.000000,0.000000,0.000000,1.000000,0.000000,0.040818,0.080965,0.209760,1.488549,-0.102166,0.095610,0.225735,-0.201587,-0.145345,-0.012092,1.328032,-0.127452,-0.550100,0.033700
52.255284,up,4,0.000000,0.000000,0.000000,0.000000,1.000000,0.000000,0.040746,0.081277,0.209772,1.488501,-0.102166,0.095598,0.225747,-0.201623,-0.145273,-0.011936,1.328032,-0.129214,-0.534161,0.033688
52.304697,up,4,0.000000,0.000000,0.000000,0.000000,1.000000,0.000000,0.040674,0.081565,0.209772,1.488501,-0.102166,0.095598,0.225735,-0.203037,-0.144698,-0.011409,1.327744,-0.129454,-0.496267,0.033772
52.354687,up,4,0.000000,0.000000,0.000000,0.000000,1.000000,0.000000,0.040543,0.081565,0.209784,1.488489,-0.102130,0.095586,0.225735,-0.206884,-0.144602,-0.011289,1.327708,-0.129466,-0.430270,0.033903
52.404527,up,4,0.000000,0.000000,0.000000,0.000000,1.000000,0.000000,0.040423,0.081708,0.209772,1.488441,-0.102142,0.095574,0.225723,-0.215596,-0.144614,-0.011325,1.327708,-0.129406,-0.328392,0.034011
52.454423,up,4,0.000000,0.000000,0.000000,0.000000,1.000000,0.000000,0.040231,0.081744,0.209772,1.488441,-0.102142,0.095562,0.225735,-0.228803,-0.144698,-0.011469,1.327708,-0.129298,-0.201131,0.034071
52.504415,up,4,0.000000,0.000000,0.000000,0.000000,1.000000,0.000000,0.040255,0.081960,0.209784,1.488441,-0.102130,0.095574,0.225723,-0.244646,-0.145321,-0.011457,1.327684,-0.129214,-0.069113,0.034131
52.555309,up,4,0.000000,0.000000,0.000000,0.000000,1.000000,0.000000,0.040183,0.081984,0.209772,1.488429,-0.102118,0.095562,0.225723,-0.257924,-0.145321,-0.011493,1.327996,-0.128998,0.043671,0.034730
52.605453,up,4,0.000000,0.000000,0.000000,0.000000,1.000000,0.000000,0.040027,0.081972,0.209772,1.488381,-0.102142,0.095550,0.225723,-0.263521,-0.145357,-0.011493,1.327732,-0.128747,0.114725,0.034802
52.655263,up,4,0.000000,0.000000,0.000000,0.000000,1.000000,0.000000,0.039776,0.081960,0.209772,1.488369,-0.102106,0.095550,0.225723,-0.261472,-0.144973,-0.011493,1.328415,-0.128806,0.130005,0.034850
52.705392,up,4,0.000000,0.000000,0.000000,0.000000,1.000000,0.000000,0.039488,0.081948,0.209784,1.488333,-0.102142,0.095538,0.225711,-0.259698,-0.141953,-0.011481,1.328284,-0.128794,0.129322,0.034874
52.754081,up,4,0.000000,0.000000,0.000000,0.000000,1.000000,0.000000,0.039332,0.081924,0.209760,1.488357,-0.102106,0.095550,0.225723,-0.259698,-0.139520,-0.011481,1.328787,-0.128854,0.130316,0.034862
52.804034,up,4,0.000000,0.000000,0.000000,0.000000,1.000000,0.000000,0.039284,0.081924,0.209772,1.488357,-0.102118,0.095538,0.225723,-0.259231,-0.136680,-0.011481,1.329961,-0.128842,0.131239,0.034730
52.854877,up,4,0.000000,0.000000,0.000000,0.000000,1.000000,0.000000,0.039200,0.081924,0.209772,1.488357,-0.102130,0.095538,0.225723,-0.258272,-0.135098,-0.011469,1.330824,-0.128902,0.133972,0.034694
52.904725,up,4,0.000000,0.000000,0.000000,0.000000,1.000000,0.000000,0.039105,0.081924,0.209784,1.488369,-0.102130,0.095550,0.225723,-0.259099,-0.134990,-0.011481,1.339201,-0.128890,0.134271,0.034539
52.954842,up,4,0.000000,0.000000,0.000000,0.000000,1.000000,0.000000,0.039045,0.081924,0.209772,1.488345,-0.102178,0.095550,0.225723,-0.259039,-0.135038,-0.011613,1.351317,-0.128890,0.137699,0.034215
53.004740,up,4,0.000000,0.000000,0.000000,0.000000,1.000000,0.000000,0.039081,0.081912,0.209760,1.488357,-0.102154,0.095574,0.225723,-0.259039,-0.134954,-0.011565,1.348825,-0.128842,0.163177,0.034227
53.054435,up,4,0.000000,0.000000,0.000000,0.000000,1.000000,0.000000,0.039081,0.081924,0.209772,1.488369,-0.102118,0.095562,0.225747,-0.258847,-0.134954,-0.011553,1.347818,-0.128854,0.196637,0.034203
53.104481,up,4,0.000000,0.000000,0.000000,0.000000,1.000000,0.000000,0.039045,0.081924,0.209760,1.488369,-0.102142,0.095586,0.225723,-0.258452,-0.134978,-0.011529,1.348884,-0.128782,0.230025,0.034227
53.154425,up,4,0.000000,0.000000,0.000000,0.000000,1.000000,0.000000,0.039057,0.081924,0.209760,1.488393,-0.102166,0.095562,0.225723,-0.258380,-0.134954,-0.011541,1.348813,-0.128723,0.264947,0.034227
53.204318,up,4,0.000000,0.000000,0.000000,0.000000,1.000000,0.000000,0.039045,0.081912,0.209760,1.488357,-0.102142,0.095574,0.225711,-0.258200,-0.134966,-0.011553,1.349076,-0.128747,0.292008,0.034203
53.255649,up,4,0.000000,0.000000,0.000000,0.000000,1.000000,0.000000,0.039069,0.081924,0.209736,1.488369,-0.102118,0.095598,0.225723,-0.257769,-0.134990,-0.011553,1.348848,-0.128687,0.310883,0.034227
53.305281,up,4,0.000000,0.000000,0.000000,0.000000,1.000000,0.000000,0.039117,0.081924,0.209760,1.488369,-0.102142,0.095598,0.225723,-0.254880,-0.135122,-0.011553,1.348249,-0.128711,0.311542,0.034239
53.354950,up,4,0.000000,0.000000,0.000000,0.000000,1.000000,0.000000,0.039152,0.081924,0.209760,1.488393,-0.102130,0.095598,0.225723,-0.253886,-0.135110,-0.011637,1.348309,-0.128663,0.311302,0.034239
53.405890,up,4,0.000000,0.000000,0.000000,0.000000,1.000000,0.000000,0.039224,0.081924,0.209760,1.488393,-0.102142,0.095610,0.225723,-0.253658,-0.136740,-0.011685,1.348309,-0.128699,0.311266,0.034239
53.454887,up,4,0.000000,0.000000,0.000000,0.000000,1.000000,0.000000,0.039284,0.081948,0.209760,1.488429,-0.102118,0.095622,0.225723,-0.253646,-0.137627,-0.011709,1.348237,-0.128255,0.309588,0.034335
53.504738,up,4,0.000000,0.000000,0.000000,0.000000,1.000000,0.000000,0.039296,0.081924,0.209760,1.488441,-0.102118,0.095634,0.225723,-0.252783,-0.136596,-0.011637,1.347878,-0.127105,0.308007,0.034515
53.554716,up,4,0.000000,0.000000,0.000000,0.000000,1.000000,0.000000,0.039332,0.081936,0.209748,1.488465,-0.102130,0.095634,0.225711,-0.251908,-0.134631,-0.011577,1.347950,-0.127057,0.304052,0.035437
53.604748,up,4,0.000000,0.000000,0.000000,0.000000,1.000000,0.000000,0.039368,0.081948,0.209760,1.488441,-0.102082,0.095658,0.225723,-0.250878,-0.134583,-0.011565,1.347818,-0.127249,0.284014,0.039572
53.654497,up,4,0.000000,0.000000,0.000000,0.000000,1.000000,0.000000,0.039356,0.081948,0.209784,1.488441,-0.102130,0.095610,0.225723,-0.249571,-0.136249,-0.011601,1.347566,-0.127260,0.237396,0.067459
53.705653,up,4,0.000000,0.000000,0.000000,0.000000,1.000000,0.000000,0.039440,0.081972,0.209772,1.488465,-0.102142,0.095646,0.225711,-0.249691,-0.138262,-0.011577,1.346847,-0.127260,0.179967,0.091607
53.754336,up,4,0.000000,0.000000,0.000000,0.000000,1.000000,0.000000,0.039452,0.081948,0.209760,1.488465,-0.102166,0.095634,0.225699,-0.250159,-0.138322,-0.011589,1.345972,-0.127344,0.131000,0.102669
53.804361,up,4,0.000000,0.000000,0.000000,0.000000,1.000000,0.000000,0.039452,0.081960,0.209772,1.488465,-0.102142,0.095622,0.225723,-0.250386,-0.138214,-0.011541,1.345733,-0.127272,0.094735,0.106324
53.854190,up,4,0.000000,0.000000,0.000000,0.000000,1.000000,0.000000,0.039452,0.081960,0.209772,1.488465,-0.102142,0.095622,0.225723,-0.250650,-0.138334,-0.011577,1.345697,-0.127272,0.070024,0.106684
53.904214,up,4,0.000000,0.000000,0.000000,0.000000,1.000000,0.000000,0.039560,0.082140,0.209760,1.488465,-0.102142,0.095646,0.225723,-0.252184,-0.139532,-0.011613,1.345421,-0.127260,0.053306,0.106696
53.954943,up,4,0.000000,0.000000,0.000000,0.000000,1.000000,0.000000,0.039584,0.082523,0.209760,1.488465,-0.102130,0.095646,0.225723,-0.252783,-0.142013,-0.011661,1.345313,-0.127296,0.040495,0.106708
54.004884,up,4,0.000000,0.000000,0.000000,0.000000,1.000000,0.000000,0.039644,0.082619,0.209760,1.488489,-0.102106,0.095706,0.225711,-0.252496,-0.145596,-0.011721,1.343276,-0.127189,0.022758,0.106732
54.053824,up,4,0.000000,0.000000,0.000000,0.000000,1.000000,0.000000,0.039644,0.082631,0.209760,1.488465,-0.102106,0.095694,0.225711,-0.252496,-0.145752,-0.011757,1.342521,-0.127177,0.000659,0.106720
54.104739,up,4,0.000000,0.000000,0.000000,0.000000,1.000000,0.000000,0.039668,0.082655,0.209748,1.488501,-0.102142,0.095682,0.225699,-0.252496,-0.146016,-0.011780,1.338530,-0.127153,-0.022446,0.106696
54.154730,up,4,0.000000,0.000000,0.000000,0.000000,1.000000,0.000000,0.039668,0.082667,0.209760,1.488489,-0.102142,0.095682,0.225687,-0.252460,-0.145992,-0.011769,1.338039,-0.127153,-0.052311,0.106755
54.204655,up,4,0.000000,0.000000,0.000000,0.000000,1.000000,0.000000,0.039668,0.082655,0.209748,1.488501,-0.102142,0.095682,0.225723,-0.252364,-0.145872,-0.011769,1.335498,-0.127081,-0.076759,0.106720
54.255582,up,4,0.000000,0.000000,0.000000,0.000000,1.000000,0.000000,0.039668,0.082667,0.209724,1.488513,-0.102118,0.095694,0.225699,-0.252400,-0.145848,-0.011745,1.334060,-0.127093,-0.097084,0.106767
54.304455,up,4,0.000000,0.000000,0.000000,0.000000,1.000000,0.000000,0.039644,0.082787,0.209736,1.488501,-0.102106,0.095682,0.225723,-0.252424,-0.145896,-0.011709,1.328164,-0.127057,-0.099241,0.106767
54.354347,up,4,0.000000,0.000000,0.000000,0.000000,1.000000,0.000000,0.039620,0.082955,0.209760,1.488501,-0.102142,0.095658,0.225711,-0.252556,-0.146028,-0.011745,1.327373,-0.127021,-0.109452,0.106743
54.404242,up,4,0.000000,0.000000,0.000000,0.000000,1.000000,0.000000,0.039632,0.083003,0.209760,1.488513,-0.102106,0.095706,0.225723,-0.253430,-0.145992,-0.011757,1.326510,-0.126997,-0.129058,0.106720
54.455275,up,4,0.000000,0.000000,0.000000,0.000000,1.000000,0.000000,0.039632,0.083015,0.209736,1.488513,-0.102118,0.095694,0.225723,-0.254389,-0.145944,-0.011757,1.326582,-0.126997,-0.151313,0.106755
54.504126,up,4,0.000000,0.000000,0.000000,0.000000,1.000000,0.000000,0.039668,0.083027,0.209748,1.488513,-0.102142,0.095778,0.225723,-0.254988,-0.145908,-0.011697,1.325515,-0.126997,-0.168223,0.106767
54.555090,up,4,0.000000,0.000000,0.000000,0.000000,1.000000,0.000000,0.039632,0.083075,0.209772,1.488501,-0.102189,0.095646,0.225723,-0.255336,-0.146052,-0.011697,1.326007,-0.127021,-0.184833,0.106732
54.604053,up,4,0.000000,0.000000,0.000000,0.000000,1.000000,0.000000,0.039632,0.083135,0.209772,1.488501,-0.102118,0.095646,0.225711,-0.256606,-0.146100,-0.011685,1.326666,-0.127093,-0.198926,0.106732
54.654840,up,4,0.000000,0.000000,0.000000,0.000000,1.000000,0.000000,0.039728,0.083278,0.209760,1.488501,-0.102130,0.095730,0.225699,-0.258236,-0.146052,-0.011661,1.325719,-0.127033,-0.210862,0.106815
54.704956,up,4,0.000000,0.000000,0.000000,0.000000,1.000000,0.000000,0.039680,0.083446,0.209760,1.488501,-0.102166,0.095658,0.225699,-0.259590,-0.146399,-0.011709,1.326019,-0.127045,-0.225112,0.106779
54.754632,up,4,0.000000,0.000000,0.000000,0.000000,1.000000,0.000000,0.039704,0.083506,0.209772,1.488501,-0.102166,0.095634,0.225723,-0.259554,-0.146627,-0.011745,1.325851,-0.127009,-0.248073,0.106839
54.804695,up,4,0.000000,0.000000,0.000000,0.000000,1.000000,0.000000,0.039692,0.083518,0.209760,1.488525,-0.102106,0.095610,0.225699,-0.259926,-0.146651,-0.011733,1.326079,-0.127021,-0.271335,0.106923
54.855592,up,4,0.000000,0.000000,0.000000,0.000000,1.000000,0.000000,0.039704,0.083530,0.209760,1.488537,-0.102106,0.095682,0.225699,-0.259818,-0.146507,-0.011709,1.325971,-0.127045,-0.296789,0.106959
54.904478,up,4,0.000000,0.000000,0.000000,0.000000,1.000000,0.000000,0.039740,0.083542,0.209772,1.488537,-0.102130,0.095718,0.225699,-0.259914,-0.146435,-0.011745,1.325647,-0.127045,-0.321321,0.107019
54.954451,up,4,0.000000,0.000000,0.000000,0.000000,1.000000,0.000000,0.039728,0.083554,0.209748,1.488537,-0.102118,0.095670,0.225699,-0.260213,-0.146327,-0.011745,1.325252,-0.127033,-0.341395,0.107043
55.004415,up,4,0.000000,0.000000,0.000000,0.000000,1.000000,0.000000,0.039668,0.083554,0.209736,1.488537,-0.102118,0.095658,0.225711,-0.260489,-0.146279,-0.011745,1.325347,-0.127057,-0.360270,0.107079
55.054258,up,4,0.000000,0.000000,0.000000,0.000000,1.000000,0.000000,0.039704,0.083674,0.209736,1.488537,-0.102130,0.095658,0.225699,-0.263066,-0.146232,-0.011745,1.324509,-0.127057,-0.360677,0.107091
55.105120,up,4,0.000000,0.000000,0.000000,0.000000,1.000000,0.000000,0.039716,0.083758,0.209760,1.488549,-0.102142,0.095670,0.225711,-0.265067,-0.146435,-0.011769,1.324437,-0.127021,-0.360677,0.107091
55.155114,up,4,0.000000,0.000000,0.000000,0.000000,1.000000,0.000000,0.039752,0.083866,0.209748,1.488537,-0.102142,0.095694,0.225699,-0.267572,-0.146699,-0.011828,1.324700,-0.126973,-0.360665,0.107079
55.203960,up,4,0.000000,0.000000,0.000000,0.000000,1.000000,0.000000,0.039812,0.083890,0.209748,1.488549,-0.102106,0.095718,0.225699,-0.271946,-0.146663,-0.011804,1.324940,-0.126937,-0.360665,0.107079
55.255224,up,4,0.000000,0.000000,0.000000,0.000000,1.000000,0.000000,0.039872,0.083902,0.209748,1.488573,-0.102118,0.095718,0.225711,-0.275601,-0.146663,-0.011840,1.324904,-0.126829,-0.360701,0.107079
55.304834,up,4,0.000000,0.000000,0.000000,0.000000,1.000000,0.000000,0.039872,0.083914,0.209748,1.488549,-0.102106,0.095718,0.225711,-0.279484,-0.146687,-0.011864,1.324868,-0.126745,-0.360725,0.107079
55.355913,up,4,0.000000,0.000000,0.000000,0.000000,1.000000,0.000000,0.039860,0.083914,0.209748,1.488537,-0.102142,0.095718,0.225711,-0.282384,-0.146783,-0.011888,1.324257,-0.126589,-0.361025,0.107055
55.404662,up,4,0.000000,0.000000,0.000000,0.000000,1.000000,0.000000,0.039836,0.083997,0.209736,1.488537,-0.102118,0.095706,0.225699,-0.283271,-0.147370,-0.011936,1.325024,-0.126565,-0.369605,0.107067
55.454472,up,4,0.000000,0.000000,0.000000,0.000000,1.000000,0.000000,0.039848,0.083997,0.209760,1.488537,-0.102142,0.095730,0.225723,-0.280742,-0.147418,-0.011924,1.325863,-0.126577,-0.401100,0.107175
55.505482,up,4,0.000000,0.000000,0.000000,0.000000,1.000000,0.000000,0.039860,0.084009,0.209748,1.488525,-0.102142,0.095670,0.225699,-0.279472,-0.146687,-0.011780,1.325815,-0.126661,-0.434620,0.107870
55.555232,up,4,0.000000,0.000000,0.000000,0.000000,1.000000,0.000000,0.039836,0.084009,0.209736,1.488537,-0.102118,0.095742,0.225699,-0.279484,-0.146531,-0.011685,1.326690,-0.126781,-0.458924,0.108409
55.605264,up,4,0.000000,0.000000,0.000000,0.000000,1.000000,0.000000,0.039848,0.083997,0.209760,1.488537,-0.102130,0.095730,0.225699,-0.279472,-0.146507,-0.011661,1.325983,-0.126817,-0.471663,0.108505
55.655127,up,4,0.000000,0.000000,0.000000,0.000000,1.000000,0.000000,0.039728,0.084021,0.209760,1.488501,-0.102118,0.095598,0.225687,-0.280898,-0.146627,-0.011649,1.326031,-0.126793,-0.481035,0.108517
55.704973,up,4,0.000000,0.000000,0.000000,0.000000,1.000000,0.000000,0.039788,0.084129,0.209760,1.488525,-0.102106,0.095670,0.225723,-0.282181,-0.147514,-0.011769,1.325539,-0.126673,-0.489232,0.108517
55.754966,up,4,0.000000,0.000000,0.000000,0.000000,1.000000,0.000000,0.039860,0.084621,0.209760,1.488501,-0.102106,0.095670,0.225699,-0.283930,-0.148592,-0.011792,1.324964,-0.126649,-0.491845,0.108493
55.803928,up,4,0.000000,0.000000,0.000000,0.000000,1.000000,0.000000,0.039860,0.084824,0.209748,1.488501,-0.102106,0.095646,0.225699,-0.286507,-0.149839,-0.011840,1.325168,-0.126661,-0.491845,0.108493
55.854817,up,4,0.000000,0.000000,0.000000,0.000000,1.000000,0.000000,0.039895,0.084884,0.209760,1.488537,-0.102106,0.095694,0.225675,-0.291456,-0.150809,-0.011828,1.325971,-0.126661,-0.491845,0.108505
55.904867,up,4,0.000000,0.000000,0.000000,0.000000,1.000000,0.000000,0.039907,0.084896,0.209748,1.488537,-0.102106,0.095718,0.225711,-0.301176,-0.150881,-0.011840,1.325911,-0.126613,-0.491845,0.108505
55.954635,up,4,0.000000,0.000000,0.000000,0.000000,1.000000,0.000000,0.039907,0.084908,0.209760,1.488549,-0.102130,0.095706,0.225723,-0.302638,-0.150809,-0.011876,1.325539,-0.126553,-0.492300,0.108493
56.003619,up,4,0.000000,0.000000,0.000000,0.000000,1.000000,0.000000,0.039824,0.084920,0.209760,1.488501,-0.102082,0.095670,0.225699,-0.304771,-0.150953,-0.011984,1.325635,-0.126493,-0.506058,0.108457
56.054529,up,4,0.000000,0.000000,0.000000,0.000000,1.000000,0.000000,0.039824,0.084908,0.209748,1.488501,-0.102106,0.095670,0.225711,-0.305190,-0.150546,-0.011948,1.325132,-0.126505,-0.528828,0.108505
56.104357,up,4,0.000000,0.000000,0.000000,0.000000,1.000000,0.000000,0.039848,0.084920,0.209760,1.488537,-0.102118,0.095706,0.225699,-0.307455,-0.149563,-0.011936,1.326114,-0.126505,-0.543880,0.108517
56.154365,up,4,0.000000,0.000000,0.000000,0.000000,1.000000,0.000000,0.039860,0.084920,0.209748,1.488537,-0.102130,0.095706,0.225699,-0.309720,-0.148844,-0.011900,1.325755,-0.126529,-0.553048,0.108493
56.204280,up,4,0.000000,0.000000,0.000000,0.000000,1.000000,0.000000,0.039860,0.084920,0.209760,1.488549,-0.102118,0.095694,0.225699,-0.314382,-0.148772,-0.011900,1.325959,-0.126529,-0.553228,0.108481
56.255282,up,4,0.000000,0.000000,0.000000,0.000000,1.000000,0.000000,0.039848,0.084932,0.209748,1.488537,-0.102118,0.095694,0.225711,-0.319835,-0.148916,-0.011876,1.326079,-0.126517,-0.553216,0.108493
56.304999,up,4,0.000000,0.000000,0.000000,0.000000,1.000000,0.000000,0.039860,0.084944,0.209736,1.488537,-0.102130,0.095694,0.225699,-0.322927,-0.149252,-0.011900,1.325395,-0.126434,-0.553683,0.108445
56.354030,up,4,0.000000,0.000000,0.000000,0.000000,1.000000,0.000000,0.039884,0.084992,0.209760,1.488525,-0.102118,0.095706,0.225711,-0.326127,-0.149971,-0.011936,1.325300,-0.126338,-0.554210,0.108421
56.405084,up,4,0.000000,0.000000,0.000000,0.000000,1.000000,0.000000,0.039895,0.085076,0.209748,1.488537,-0.102118,0.095706,0.225699,-0.330513,-0.150378,-0.011960,1.325575,-0.125643,-0.554258,0.108409
56.454875,up,4,0.000000,0.000000,0.000000,0.000000,1.000000,0.000000,0.040027,0.085172,0.209760,1.488549,-0.102106,0.095670,0.225699,-0.341215,-0.150318,-0.011960,1.326102,-0.125007,-0.554246,0.108421
56.504802,up,4,0.000000,0.000000,0.000000,0.000000,1.000000,0.000000,0.040027,0.085256,0.209748,1.488549,-0.102130,0.095742,0.225699,-0.341455,-0.150306,-0.011984,1.325875,-0.124876,-0.554270,0.108421
56.554634,up,4,0.000000,0.000000,0.000000,0.000000,1.000000,0.000000,0.040003,0.085256,0.209736,1.488549,-0.102142,0.095718,0.225711,-0.344786,-0.150318,-0.011996,1.325539,-0.124444,-0.554798,0.108397
56.606000,up,4,0.000000,0.000000,0.000000,0.000000,1.000000,0.000000,0.039979,0.085268,0.209748,1.488525,-0.102142,0.095706,0.225687,-0.347962,-0.150294,-0.012056,1.325539,-0.124420,-0.554822,0.108397
56.654492,up,4,0.000000,0.000000,0.000000,0.000000,1.000000,0.000000,0.039991,0.085280,0.209760,1.488561,-0.102118,0.095730,0.225711,-0.350599,-0.150258,-0.012056,1.325539,-0.124384,-0.555013,0.108385
56.704425,up,4,0.000000,0.000000,0.000000,0.000000,1.000000,0.000000,0.039991,0.085280,0.209748,1.488549,-0.102118,0.095742,0.225711,-0.352085,-0.150282,-0.012092,1.325407,-0.124324,-0.555397,0.108349
56.755296,up,4,0.000000,0.000000,0.000000,0.000000,1.000000,0.000000,0.040015,0.085316,0.209736,1.488549,-0.102118,0.095742,0.225711,-0.355476,-0.150234,-0.012092,1.325455,-0.124300,-0.555481,0.108289
56.805586,up,4,0.000000,0.000000,0.000000,0.000000,1.000000,0.000000,0.040027,0.085316,0.209748,1.488549,-0.102142,0.095718,0.225699,-0.360929,-0.149887,-0.012092,1.325587,-0.124276,-0.555577,0.108265
56.854159,up,4,0.000000,0.000000,0.000000,0.000000,1.000000,0.000000,0.040027,0.085316,0.209760,1.488549,-0.102106,0.095742,0.225699,-0.361145,-0.149755,-0.012104,1.325563,-0.124169,-0.555936,0.108242
56.904293,up,4,0.000000,0.000000,0.000000,0.000000,1.000000,0.000000,0.040027,0.085328,0.209736,1.488549,-0.102130,0.095730,0.225699,-0.363985,-0.149779,-0.012092,1.325276,-0.123893,-0.556895,0.108122
56.955413,up,4,0.000000,0.000000,0.000000,0.000000,1.000000,0.000000,0.039931,0.085316,0.209736,1.488549,-0.102106,0.095730,0.225711,-0.366370,-0.149755,-0.012116,1.325623,-0.119854,-0.563031,0.108134
57.005013,up,4,0.000000,0.000000,0.000000,0.000000,1.000000,0.000000,0.039752,0.085316,0.209748,1.488465,-0.102142,0.095706,0.225699,-0.365028,-0.148377,-0.011828,1.326162,-0.100512,-0.598049,0.108194
57.054908,up,4,0.000000,0.000000,0.000000,0.000000,1.000000,0.000000,0.039764,0.085316,0.209760,1.488465,-0.102130,0.095658,0.225723,-0.365004,-0.147130,-0.011685,1.326402,-0.088767,-0.636027,0.108733
57.104905,up,4,0.000000,0.000000,0.000000,0.000000,1.000000,0.000000,0.039836,0.085328,0.209736,1.488525,-0.102106,0.095754,0.225711,-0.364980,-0.147070,-0.011685,1.326498,-0.088791,-0.652373,0.108913
57.154676,up,4,0.000000,0.000000,0.000000,0.000000,1.000000,0.000000,0.039764,0.085340,0.209724,1.488501,-0.102118,0.095706,0.225711,-0.365854,-0.147046,-0.011685,1.325995,-0.088767,-0.657886,0.108901
57.204655,up,4,0.000000,0.000000,0.000000,0.000000,1.000000,0.000000,0.039728,0.085340,0.209748,1.488477,-0.102082,0.095658,0.225723,-0.366322,-0.147166,-0.011673,1.326019,-0.088659,-0.658102,0.108853
57.254507,up,4,0.000000,0.000000,0.000000,0.000000,1.000000,0.000000,0.039740,0.085424,0.209760,1.488477,-0.102106,0.095670,0.225699,-0.366466,-0.148676,-0.011709,1.325971,-0.087689,-0.658305,0.108793
57.304435,up,4,0.000000,0.000000,0.000000,0.000000,1.000000,0.000000,0.039776,0.085567,0.209748,1.488489,-0.102118,0.095634,0.225711,-0.366585,-0.149395,-0.011757,1.325947,-0.085735,-0.661326,0.108709
57.354387,up,4,0.000000,0.000000,0.000000,0.000000,1.000000,0.000000,0.039895,0.085651,0.209760,1.488525,-0.102118,0.095694,0.225711,-0.366657,-0.149539,-0.011769,1.325575,-0.085076,-0.664525,0.108613
57.405622,up,4,0.000000,0.000000,0.000000,0.000000,1.000000,0.000000,0.039907,0.085723,0.209748,1.488513,-0.102082,0.095694,0.225687,-0.367556,-0.149947,-0.011792,1.325575,-0.085052,-0.664561,0.108613
57.454246,up,4,0.000000,0.000000,0.000000,0.000000,1.000000,0.000000,0.039907,0.085759,0.209760,1.488525,-0.102106,0.095706,0.225711,-0.368479,-0.150474,-0.011840,1.325455,-0.084992,-0.664585,0.108601
57.504151,up,4,0.000000,0.000000,0.000000,0.000000,1.000000,0.000000,0.039919,0.085855,0.209748,1.488513,-0.102166,0.095706,0.225711,-0.369318,-0.150917,-0.011924,1.324952,-0.084752,-0.665772,0.108601
57.555272,up,4,0.000000,0.000000,0.000000,0.000000,1.000000,0.000000,0.039907,0.085939,0.209736,1.488501,-0.102142,0.095694,0.225687,-0.370265,-0.151193,-0.011936,1.325120,-0.084740,-0.670086,0.108589
57.604883,up,4,0.000000,0.000000,0.000000,0.000000,1.000000,0.000000,0.039860,0.085951,0.209724,1.488513,-0.102130,0.095682,0.225699,-0.369905,-0.151217,-0.011864,1.325228,-0.084824,-0.687451,0.108673
57.654791,up,4,0.000000,0.000000,0.000000,0.000000,1.000000,0.000000,0.039752,0.085927,0.209736,1.488477,-0.102130,0.095610,0.225699,-0.369641,-0.150702,-0.011780,1.325347,-0.084884,-0.708160,0.108733
57.704764,up,4,0.000000,0.000000,0.000000,0.000000,1.000000,0.000000,0.039716,0.085927,0.209736,1.488429,-0.102118,0.095574,0.225711,-0.369869,-0.149911,-0.011721,1.325443,-0.084908,-0.724710,0.108769
57.754673,up,4,0.000000,0.000000,0.000000,0.000000,1.000000,0.000000,0.039680,0.085915,0.209736,1.488441,-0.102118,0.095658,0.225699,-0.369881,-0.149072,-0.011673,1.325875,-0.084920,-0.741248,0.108757
57.804544,up,4,0.000000,0.000000,0.000000,0.000000,1.000000,0.000000,0.039716,0.085939,0.209748,1.488453,-0.102118,0.095622,0.225699,-0.369378,-0.148377,-0.011649,1.325096,-0.084968,-0.754275,0.108805
57.854524,up,4,0.000000,0.000000,0.000000,0.000000,1.000000,0.000000,0.039692,0.085963,0.209736,1.488441,-0.102106,0.095574,0.225699,-0.369893,-0.148161,-0.011685,1.325288,-0.084944,-0.754107,0.108805
57.904597,up,4,0.000000,0.000000,0.000000,0.000000,1.000000,0.000000,0.039704,0.085951,0.209736,1.488465,-0.102130,0.095610,0.225711,-0.369402,-0.148473,-0.011745,1.325479,-0.084908,-0.754000,0.108793
57.954305,up,4,0.000000,0.000000,0.000000,0.000000,1.000000,0.000000,0.039716,0.085975,0.209748,1.488465,-0.102106,0.095598,0.225687,-0.368958,-0.148568,-0.011745,1.325491,-0.084944,-0.753916,0.108769
58.004408,up,4,0.000000,0.000000,0.000000,0.000000,1.000000,0.000000,0.039728,0.085975,0.209736,1.488465,-0.102130,0.095634,0.225687,-0.368503,-0.148580,-0.011733,1.325503,-0.084980,-0.753940,0.108769
58.055197,up,4,0.000000,0.000000,0.000000,0.000000,1.000000,0.000000,0.039752,0.085987,0.209760,1.488465,-0.102118,0.095634,0.225711,-0.368527,-0.148772,-0.011745,1.325479,-0.084944,-0.753952,0.108757
58.104015,up,4,0.000000,0.000000,0.000000,0.000000,1.000000,0.000000,0.039788,0.085999,0.209772,1.488465,-0.102142,0.095634,0.225699,-0.368719,-0.149192,-0.011757,1.325407,-0.084932,-0.753964,0.108721
58.155051,up,4,0.000000,0.000000,0.000000,0.000000,1.000000,0.000000,0.039776,0.086119,0.209760,1.488441,-0.102118,0.095634,0.225699,-0.369270,-0.149695,-0.011769,1.325276,-0.084908,-0.753988,0.108685
58.203930,up,4,0.000000,0.000000,0.000000,0.000000,1.000000,0.000000,0.039764,0.086203,0.209760,1.488441,-0.102130,0.095634,0.225699,-0.370217,-0.150306,-0.011804,1.325240,-0.084896,-0.754071,0.108625
58.255071,up,4,0.000000,0.000000,0.000000,0.000000,1.000000,0.000000,0.039800,0.086286,0.209760,1.488465,-0.102118,0.095646,0.225711,-0.371906,-0.151205,-0.011816,1.325228,-0.084884,-0.754155,0.108469
58.304787,up,4,0.000000,0.000000,0.000000,0.000000,1.000000,0.000000,0.039836,0.086310,0.209748,1.488489,-0.102118,0.095646,0.225711,-0.376532,-0.152415,-0.011804,1.325431,-0.084872,-0.754155,0.108457
58.354755,up,4,0.000000,0.000000,0.000000,0.000000,1.000000,0.000000,0.039860,0.086310,0.209748,1.488465,-0.102166,0.095670,0.225723,-0.382177,-0.153830,-0.011792,1.325647,-0.084824,-0.754167,0.108445
58.405150,up,4,0.000000,0.000000,0.000000,0.000000,1.000000,0.000000,0.039860,0.086322,0.209760,1.488441,-0.102106,0.095670,0.225711,-0.384070,-0.154836,-0.011780,1.325623,-0.084752,-0.754179,0.108445
58.454618,up,4,0.000000,0.000000,0.000000,0.000000,1.000000,0.000000,0.039860,0.086346,0.209760,1.488465,-0.102130,0.095658,0.225699,-0.388517,-0.155675,-0.011864,1.325575,-0.084669,-0.756960,0.108277
58.504475,up,4,0.000000,0.000000,0.000000,0.000000,1.000000,0.000000,0.039752,0.086322,0.209760,1.488465,-0.102118,0.095622,0.225711,-0.389152,-0.156298,-0.011864,1.325899,-0.084681,-0.783181,0.108349
58.554293,up,4,0.000000,0.000000,0.000000,0.000000,1.000000,0.000000,0.039740,0.086334,0.209748,1.488441,-0.102130,0.095670,0.225699,-0.388816,-0.156214,-0.011721,1.326031,-0.084812,-0.815527,0.108445
58.605555,up,4,0.000000,0.000000,0.000000,0.000000,1.000000,0.000000,0.039728,0.086334,0.209736,1.488465,-0.102130,0.095646,0.225699,-0.389008,-0.156035,-0.011673,1.325815,-0.084884,-0.839878,0.108637
58.655317,up,4,0.000000,0.000000,0.000000,0.000000,1.000000,0.000000,0.039692,0.086394,0.209760,1.488477,-0.102118,0.095622,0.225711,-0.390302,-0.156322,-0.011673,1.325707,-0.084872,-0.841544,0.108625
58.705096,up,4,0.000000,0.000000,0.000000,0.000000,1.000000,0.000000,0.039692,0.086634,0.209760,1.488465,-0.102118,0.095622,0.225699,-0.390434,-0.157772,-0.011709,1.325647,-0.084860,-0.841532,0.108589
58.755047,up,4,0.000000,0.000000,0.000000,0.000000,1.000000,0.000000,0.039680,0.087113,0.209748,1.488441,-0.102142,0.095610,0.225699,-0.390662,-0.159234,-0.011709,1.325623,-0.084872,-0.841532,0.108601
58.805914,up,4,0.000000,0.000000,0.000000,0.000000,1.000000,0.000000,0.039560,0.087629,0.209748,1.488441,-0.102142,0.095610,0.225687,-0.391237,-0.161248,-0.011697,1.325587,-0.084884,-0.841532,0.108601
58.854840,up,4,0.000000,0.000000,0.000000,0.000000,1.000000,0.000000,0.039428,0.087725,0.209748,1.488429,-0.102130,0.095610,0.225699,-0.393023,-0.163836,-0.011804,1.325683,-0.084848,-0.841496,0.108589
58.904960,up,4,0.000000,0.000000,0.000000,0.000000,1.000000,0.000000,0.039452,0.087964,0.209760,1.488429,-0.102106,0.095610,0.225699,-0.398164,-0.164615,-0.011840,1.326031,-0.084836,-0.841341,0.108565
58.954674,up,4,0.000000,0.000000,0.000000,0.000000,1.000000,0.000000,0.039452,0.088360,0.209748,1.488417,-0.102118,0.095598,0.225687,-0.405115,-0.164519,-0.011864,1.325959,-0.084788,-0.841329,0.108493
59.004822,up,4,0.000000,0.000000,0.000000,0.000000,1.000000,0.000000,0.039344,0.088731,0.209748,1.488417,-0.102118,0.095598,0.225711,-0.412221,-0.164579,-0.011960,1.325839,-0.084693,-0.841317,0.108445
59.055631,up,4,0.000000,0.000000,0.000000,0.000000,1.000000,0.000000,0.039404,0.089007,0.209772,1.488417,-0.102118,0.095622,0.225711,-0.420155,-0.164903,-0.012044,1.326055,-0.084573,-0.841269,0.108277
59.104787,up,4,0.000000,0.000000,0.000000,0.000000,1.000000,0.000000,0.039476,0.089031,0.209748,1.488417,-0.102106,0.095634,0.225699,-0.428844,-0.165143,-0.012104,1.326270,-0.084429,-0.841245,0.108182
59.154517,up,4,0.000000,0.000000,0.000000,0.000000,1.000000,0.000000,0.039488,0.089079,0.209748,1.488453,-0.102118,0.095658,0.225711,-0.435303,-0.165167,-0.012164,1.325875,-0.084309,-0.841233,0.107690
59.204330,up,4,0.000000,0.000000,0.000000,0.000000,1.000000,0.000000,0.039464,0.089103,0.209772,1.488453,-0.102130,0.095646,0.225711,-0.439773,-0.165203,-0.012272,1.325599,-0.084009,-0.841257,0.107235
59.255193,up,4,0.000000,0.000000,0.000000,0.000000,1.000000,0.000000,0.039464,0.089103,0.209760,1.488441,-0.102106,0.095634,0.225711,-0.443560,-0.165227,-0.012284,1.325671,-0.083794,-0.841281,0.107091
59.304072,up,4,0.000000,0.000000,0.000000,0.000000,1.000000,0.000000,0.039476,0.089091,0.209748,1.488441,-0.102130,0.095646,0.225699,-0.447503,-0.165179,-0.012248,1.325779,-0.083854,-0.841293,0.107163
59.355061,up,4,0.000000,0.000000,0.000000,0.000000,1.000000,0.000000,0.039524,0.089127,0.209760,1.488465,-0.102082,0.095658,0.225699,-0.451817,-0.165191,-0.012248,1.325683,-0.083818,-0.841365,0.107163
59.404929,up,4,0.000000,0.000000,0.000000,0.000000,1.000000,0.000000,0.039536,0.089127,0.209736,1.488441,-0.102118,0.095682,0.225723,-0.456084,-0.165143,-0.012284,1.325719,-0.083326,-0.841353,0.107139
59.454885,up,4,0.000000,0.000000,0.000000,0.000000,1.000000,0.000000,0.039512,0.089127,0.209760,1.488441,-0.102106,0.095646,0.225699,-0.459403,-0.165155,-0.012440,1.325527,-0.082595,-0.841365,0.106779
59.504955,up,4,0.000000,0.000000,0.000000,0.000000,1.000000,0.000000,0.039560,0.089127,0.209760,1.488453,-0.102118,0.095658,0.225699,-0.461896,-0.165203,-0.012595,1.325383,-0.082380,-0.841424,0.106564
59.554693,up,4,0.000000,0.000000,0.000000,0.000000,1.000000,0.000000,0.039680,0.089151,0.209736,1.488465,-0.102142,0.095670,0.225675,-0.466043,-0.165227,-0.012643,1.325575,-0.082320,-0.841412,0.106576
59.605839,up,4,0.000000,0.000000,0.000000,0.000000,1.000000,0.000000,0.039931,0.089199,0.209760,1.488501,-0.102118,0.095730,0.225687,-0.469458,-0.165250,-0.012655,1.325503,-0.082296,-0.841424,0.106456
59.654394,up,4,0.000000,0.000000,0.000000,0.000000,1.000000,0.000000,0.040051,0.089270,0.209748,1.488513,-0.102142,0.095694,0.225699,-0.473437,-0.165550,-0.012703,1.325563,-0.082248,-0.841436,0.106456
59.704466,up,4,0.000000,0.000000,0.000000,0.000000,1.000000,0.000000,0.040051,0.089306,0.209748,1.488501,-0.102106,0.095694,0.225699,-0.477440,-0.166161,-0.012787,1.325443,-0.079983,-0.841424,0.106444
59.754287,up,4,0.000000,0.000000,0.000000,0.000000,1.000000,0.000000,0.039848,0.089330,0.209748,1.488501,-0.102106,0.095682,0.225711,-0.478458,-0.166161,-0.012428,1.324712,-0.059166,-0.841556,0.107594
59.805169,up,4,0.000000,0.000000,0.000000,0.000000,1.000000,0.000000,0.039644,0.089330,0.209748,1.488429,-0.102130,0.095610,0.225711,-0.478578,-0.166916,-0.012476,1.324772,-0.038901,-0.841532,0.107307
59.855285,up,4,0.000000,0.000000,0.000000,0.000000,1.000000,0.000000,0.039620,0.089366,0.209760,1.488417,-0.102106,0.095622,0.225699,-0.479201,-0.168522,-0.012440,1.324760,-0.037079,-0.841532,0.107618
59.905149,up,4,0.000000,0.000000,0.000000,0.000000,1.000000,0.000000,0.039632,0.089438,0.209748,1.488453,-0.102106,0.095658,0.225699,-0.479213,-0.168642,-0.012428,1.324748,-0.037079,-0.841556,0.107690
59.954992,up,4,0.000000,0.000000,0.000000,0.000000,1.000000,0.000000,0.039716,0.089474,0.209736,1.488441,-0.102106,0.095682,0.225699,-0.479177,-0.168942,-0.012404,1.324760,-0.037091,-0.841544,0.107690
60.005118,up,4,0.000000,0.000000,0.000000,0.000000,1.000000,0.000000,0.039716,0.089486,0.209760,1.488477,-0.102130,0.095706,0.225735,-0.479297,-0.170392,-0.012356,1.324700,-0.037079,-0.841580,0.107690
60.054840,up,4,0.000000,0.000000,0.000000,0.000000,1.000000,0.000000,0.039656,0.089486,0.209736,1.488465,-0.102082,0.095670,0.225711,-0.480040,-0.173639,-0.012248,1.324616,-0.037103,-0.841664,0.107726
60.104723,up,4,0.000000,0.000000,0.000000,0.000000,1.000000,0.000000,0.039596,0.089486,0.209748,1.488441,-0.102166,0.095634,0.225699,-0.482185,-0.177343,-0.012248,1.324664,-0.036983,-0.841664,0.107822
60.155784,up,4,0.000000,0.000000,0.000000,0.000000,1.000000,0.000000,0.039572,0.089486,0.209748,1.488441,-0.102130,0.095646,0.225711,-0.487231,-0.179967,-0.012260,1.325204,-0.036828,-0.841640,0.107798
60.204561,up,4,0.000000,0.000000,0.000000,0.000000,1.000000,0.000000,0.039584,0.089486,0.209748,1.488441,-0.102106,0.095658,0.225711,-0.497537,-0.180746,-0.012296,1.325228,-0.034898,-0.841640,0.107834
60.254440,up,4,0.000000,0.000000,0.000000,0.000000,1.000000,0.000000,0.039476,0.089486,0.209724,1.488441,-0.102130,0.095634,0.225687,-0.500006,-0.180626,-0.012032,1.324952,-0.017940,-0.841664,0.109152
60.305302,up,4,0.000000,0.000000,0.000000,0.000000,1.000000,0.000000,0.039344,0.089486,0.209748,1.488393,-0.102142,0.095598,0.225699,-0.506094,-0.182580,-0.012056,1.325276,-0.005189,-0.841640,0.108901
60.354305,up,4,0.000000,0.000000,0.000000,0.000000,1.000000,0.000000,0.039212,0.089486,0.209760,1.488369,-0.102142,0.095586,0.225699,-0.516640,-0.185600,-0.012008,1.325779,-0.005465,-0.841580,0.109092
60.405327,up,4,0.000000,0.000000,0.000000,0.000000,1.000000,0.000000,0.039212,0.089486,0.209748,1.488381,-0.102130,0.095634,0.225699,-0.519336,-0.187266,-0.012104,1.325204,-0.005213,-0.841628,0.109056
60.455254,up,4,0.000000,0.000000,0.000000,0.000000,1.000000,0.000000,0.039248,0.089498,0.209724,1.488357,-0.102118,0.095634,0.225711,-0.522296,-0.189267,-0.012092,1.325216,-0.005141,-0.841616,0.109044
60.505239,up,4,0.000000,0.000000,0.000000,0.000000,1.000000,0.000000,0.039248,0.089486,0.209748,1.488369,-0.102106,0.095634,0.225687,-0.523519,-0.191029,-0.012116,1.325252,-0.004961,-0.841628,0.109056
60.554115,up,4,0.000000,0.000000,0.000000,0.000000,1.000000,0.000000,0.039248,0.089486,0.209736,1.488381,-0.102106,0.095646,0.225699,-0.524789,-0.192551,-0.012092,1.325407,-0.004973,-0.841628,0.109044
60.605271,up,4,0.000000,0.000000,0.000000,0.000000,1.000000,0.000000,0.039284,0.089486,0.209724,1.488393,-0.102142,0.095646,0.225699,-0.525329,-0.194276,-0.012092,1.325359,-0.004938,-0.841616,0.109044
60.654857,up,4,0.000000,0.000000,0.000000,0.000000,1.000000,0.000000,0.039308,0.089498,0.209724,1.488417,-0.102166,0.095634,0.225699,-0.525532,-0.195930,-0.012116,1.325323,-0.004854,-0.841616,0.109044
60.704014,up,4,0.000000,0.000000,0.000000,0.000000,1.000000,0.000000,0.039296,0.089486,0.209724,1.488405,-0.102118,0.095646,0.225699,-0.526311,-0.197344,-0.012116,1.325288,-0.004746,-0.841616,0.109056
60.754704,up,4,0.000000,0.000000,0.000000,0.000000,1.000000,0.000000,0.039380,0.089486,0.209724,1.488417,-0.102142,0.095646,0.225699,-0.528420,-0.197860,-0.012188,1.325264,-0.004099,-0.841616,0.109044
60.805826,up,4,0.000000,0.000000,0.000000,0.000000,1.000000,0.000000,0.039488,0.089498,0.209724,1.488465,-0.102082,0.095706,0.225699,-0.537193,-0.197512,-0.011960,1.325695,0.004794,-0.841580,0.109440
60.854661,up,4,0.000000,0.000000,0.000000,0.000000,1.000000,0.000000,0.039464,0.089510,0.209724,1.488465,-0.102142,0.095670,0.225687,-0.536977,-0.197272,-0.011924,1.325300,0.024364,-0.841616,0.109740
60.904521,up,4,0.000000,0.000000,0.000000,0.000000,1.000000,0.000000,0.039356,0.089498,0.209736,1.488417,-0.102142,0.095622,0.225699,-0.541004,-0.198231,-0.011924,1.325204,0.032190,-0.841616,0.109859
60.954336,up,4,0.000000,0.000000,0.000000,0.000000,1.000000,0.000000,0.039320,0.089498,0.209760,1.488417,-0.102118,0.095610,0.225699,-0.545498,-0.199609,-0.011924,1.325240,0.032142,-0.841616,0.109895
61.005538,up,4,0.000000,0.000000,0.000000,0.000000,1.000000,0.000000,0.039296,0.089498,0.209760,1.488417,-0.102130,0.095610,0.225687,-0.549728,-0.200089,-0.011900,1.325395,0.032166,-0.841604,0.109859
61.054288,up,4,0.000000,0.000000,0.000000,0.000000,1.000000,0.000000,0.039308,0.089486,0.209748,1.488405,-0.102106,0.095658,0.225687,-0.556979,-0.200364,-0.011924,1.325671,0.032142,-0.841568,0.109883
61.104433,up,4,0.000000,0.000000,0.000000,0.000000,1.000000,0.000000,0.039308,0.089498,0.209724,1.488393,-0.102130,0.095634,0.225711,-0.556907,-0.200832,-0.011912,1.325647,0.032130,-0.841568,0.109871
61.155069,up,4,0.000000,0.000000,0.000000,0.000000,1.000000,0.000000,0.039308,0.089498,0.209760,1.488417,-0.102118,0.095634,0.225699,-0.557806,-0.201467,-0.011924,1.325635,0.032130,-0.841568,0.109871
61.205204,up,4,0.000000,0.000000,0.000000,0.000000,1.000000,0.000000,0.039320,0.089498,0.209760,1.488393,-0.102130,0.095634,0.225699,-0.558669,-0.202078,-0.011924,1.325575,0.032154,-0.841532,0.109859
61.254856,up,4,0.000000,0.000000,0.000000,0.000000,1.000000,0.000000,0.039320,0.089510,0.209748,1.488417,-0.102118,0.095658,0.225687,-0.559196,-0.202438,-0.011900,1.325575,0.032166,-0.841568,0.109859
61.304891,up,4,0.000000,0.000000,0.000000,0.000000,1.000000,0.000000,0.039368,0.089498,0.209724,1.488453,-0.102142,0.095658,0.225699,-0.559316,-0.202569,-0.011888,1.325479,0.032166,-0.841568,0.109847
61.354729,up,4,0.000000,0.000000,0.000000,0.000000,1.000000,0.000000,0.039356,0.089498,0.209748,1.488417,-0.102142,0.095682,0.225699,-0.559400,-0.202629,-0.011912,1.325467,0.032190,-0.841556,0.109811
61.404669,up,4,0.000000,0.000000,0.000000,0.000000,1.000000,0.000000,0.039356,0.089510,0.209736,1.488417,-0.102142,0.095682,0.225699,-0.559819,-0.202593,-0.011888,1.325323,0.032250,-0.841568,0.109776
61.455596,up,4,0.000000,0.000000,0.000000,0.000000,1.000000,0.000000,0.039356,0.089486,0.209748,1.488405,-0.102118,0.095670,0.225699,-0.560634,-0.202509,-0.011924,1.325144,0.032609,-0.841580,0.109680
61.504502,up,4,0.000000,0.000000,0.000000,0.000000,1.000000,0.000000,0.039368,0.089486,0.209712,1.488417,-0.102130,0.095682,0.225699,-0.561928,-0.202330,-0.011840,1.325144,0.034586,-0.841568,0.109572
61.554346,up,4,0.000000,0.000000,0.000000,0.000000,1.000000,0.000000,0.039356,0.089510,0.209724,1.488429,-0.102130,0.095682,0.225687,-0.564349,-0.202018,-0.011864,1.325216,0.041046,-0.841568,0.109512
61.604385,up,4,0.000000,0.000000,0.000000,0.000000,1.000000,0.000000,0.039332,0.089498,0.209748,1.488429,-0.102142,0.095670,0.225699,-0.567034,-0.201671,-0.011888,1.325024,0.054792,-0.841568,0.109464
61.654244,up,4,0.000000,0.000000,0.000000,0.000000,1.000000,0.000000,0.039296,0.089486,0.209760,1.488393,-0.102142,0.095634,0.225687,-0.571911,-0.201754,-0.011876,1.325288,0.061144,-0.841556,0.109416
61.705238,up,4,0.000000,0.000000,0.000000,0.000000,1.000000,0.000000,0.039260,0.089498,0.209724,1.488405,-0.102142,0.095634,0.225699,-0.578251,-0.201695,-0.011888,1.325647,0.061132,-0.841484,0.109452
61.754335,up,4,0.000000,0.000000,0.000000,0.000000,1.000000,0.000000,0.039260,0.089486,0.209760,1.488393,-0.102130,0.095634,0.225711,-0.580947,-0.201683,-0.011888,1.325611,0.061156,-0.841496,0.109440
61.805019,up,4,0.000000,0.000000,0.000000,0.000000,1.000000,0.000000,0.039236,0.089498,0.209772,1.488381,-0.102118,0.095622,0.225711,-0.583092,-0.201778,-0.011900,1.325587,0.061287,-0.841496,0.109428
61.854820,up,4,0.000000,0.000000,0.000000,0.000000,1.000000,0.000000,0.039224,0.089498,0.209760,1.488381,-0.102142,0.095622,0.225687,-0.583931,-0.201850,-0.011876,1.325527,0.061767,-0.841496,0.109428
61.904753,up,4,0.000000,0.000000,0.000000,0.000000,1.000000,0.000000,0.039224,0.089498,0.209748,1.488393,-0.102130,0.095622,0.225687,-0.583788,-0.201970,-0.011864,1.325539,0.063037,-0.841484,0.109428
61.954617,up,4,0.000000,0.000000,0.000000,0.000000,1.000000,0.000000,0.039260,0.089510,0.209760,1.488393,-0.102130,0.095634,0.225699,-0.583656,-0.202222,-0.011864,1.325563,0.063037,-0.841496,0.109428
62.004694,up,4,0.000000,0.000000,0.000000,0.000000,1.000000,0.000000,0.039296,0.089510,0.209736,1.488417,-0.102142,0.095646,0.225699,-0.583728,-0.202390,-0.011876,1.325539,0.063061,-0.841472,0.109404
62.054547,up,4,0.000000,0.000000,0.000000,0.000000,1.000000,0.000000,0.039296,0.089522,0.209736,1.488417,-0.102142,0.095658,0.225687,-0.584147,-0.202833,-0.011876,1.325395,0.063205,-0.841484,0.109404
62.104810,up,4,0.000000,0.000000,0.000000,0.000000,1.000000,0.000000,0.039296,0.089534,0.209760,1.488405,-0.102106,0.095670,0.225711,-0.584662,-0.203408,-0.011864,1.325347,0.063289,-0.841496,0.109344
62.154355,up,4,0.000000,0.000000,0.000000,0.000000,1.000000,0.000000,0.039284,0.089546,0.209760,1.488405,-0.102106,0.095682,0.225711,-0.586077,-0.204367,-0.011864,1.325323,0.063516,-0.841508,0.109332
62.204366,up,4,0.000000,0.000000,0.000000,0.000000,1.000000,0.000000,0.039308,0.089534,0.209748,1.488417,-0.102142,0.095694,0.225699,-0.587119,-0.205613,-0.011852,1.325096,0.064415,-0.841508,0.109284
62.255480,up,4,0.000000,0.000000,0.000000,0.000000,1.000000,0.000000,0.039296,0.089582,0.209760,1.488417,-0.102142,0.095682,0.225699,-0.587970,-0.206320,-0.011900,1.325108,0.068430,-0.841496,0.109260
